quarter,category,transaction_date,perform_start,perform_end,vendor,description,amount_usd
2023Q2,advertising,17-May-23,23-Feb-23,17-Mar-23,THE FRANKING GROUP,ADVERTISEMENTS,2500.00
2023Q2,tele_town_hall,28-Apr-23,20-Jan-23,20-Jan-23,COEFFICIENT GROUP,FRANKABLE TELECOM/TELETOWNHALL,5220.00
2023Q2,tele_town_hall,28-Apr-23,13-Feb-23,13-Feb-23,COEFFICIENT GROUP,FRANKABLE TELECOM/TELETOWNHALL,6840.00
2023Q2,advertising,31-May-23,13-Apr-23,13-May-23,THE FRANKING GROUP,ADVERTISEMENTS,2500.00
2023Q3,tele_town_hall,15-Sep-23,11-Aug-23,11-Aug-23,COEFFICIENT GROUP,FRANKABLE TELECOM/TELETOWNHALL,4001.85
2023Q3,tele_town_hall,15-Sep-23,29-Aug-23,29-Aug-23,COEFFICIENT GROUP,FRANKABLE TELECOM/TELETOWNHALL,6840.00
2023Q3,advertising,21-Sep-23,25-Jul-23,27-Aug-23,THE FRANKING GROUP,ADVERTISEMENTS,2000.00
2023Q3,advertising,23-Aug-23,19-Jul-23,22-Jul-23,CITIBANK -FACEBK 8JM58TF3J2,ADVERTISEMENTS,25.00
2023Q3,advertising,23-Aug-23,1-Jul-23,9-Jul-23,CITIBANK -FACEBK 9G4RSRP2J2,ADVERTISEMENTS,15.00
2023Q3,advertising,23-Aug-23,30-Jun-23,1-Jul-23,CITIBANK -FACEBK GCGTYRB3J2,ADVERTISEMENTS,10.00
2023Q3,advertising,23-Aug-23,19-Jul-23,19-Jul-23,CITIBANK -FACEBK MUF48SP3J2,ADVERTISEMENTS,1.77
2023Q3,advertising,23-Aug-23,24-Jun-23,30-Jun-23,CITIBANK -FACEBK PZW2JRP2J2,ADVERTISEMENTS,7.00
2023Q3,advertising,23-Aug-23,9-Jul-23,13-Jul-23,CITIBANK -FACEBK Z7QL4SP2J2,ADVERTISEMENTS,10.26
2023Q3,advertising,25-Jul-23,22-Jun-23,24-Jun-23,CITIBANK -FACEBK HD3RSR73J2,ADVERTISEMENTS,6.00
2023Q3,advertising,25-Jul-23,22-Jun-23,23-Jun-23,CITIBANK -FACEBK KXKYGRT2J2,ADVERTISEMENTS,6.00
2023Q3,advertising,25-Jul-23,20-Jun-23,22-Jun-23,CITIBANK -FACEBK ZKDBRR73J2,ADVERTISEMENTS,6.00
2023Q3,tele_town_hall,26-Sep-23,1-Sep-23,1-Sep-23,COEFFICIENT GROUP,FRANKABLE TELECOM/TELETOWNHALL,200.00
2023Q3,advertising,26-Sep-23,18-Aug-23,19-Aug-23,CITIBANK -FACEBK 2PPBYTK3J2,ADVERTISEMENTS,2.55
2023Q3,advertising,26-Sep-23,21-Jul-23,2-Aug-23,CITIBANK -FACEBK 3G3ZFTK3J2,ADVERTISEMENTS,35.00
2023Q3,advertising,26-Sep-23,16-Aug-23,18-Aug-23,CITIBANK -FACEBK U88Z7TX2J2,ADVERTISEMENTS,7.31
2023Q3,advertising,26-Sep-23,2-Aug-23,16-Aug-23,CITIBANK -FACEBK ZDG2VTK3J2,ADVERTISEMENTS,50.00
2023Q3,tele_town_hall,28-Sep-23,21-Sep-23,21-Sep-23,COEFFICIENT GROUP,FRANKABLE TELECOM/TELETOWNHALL,6840.00
2023Q3,tele_town_hall,28-Sep-23,18-Sep-23,21-Sep-23,COEFFICIENT GROUP,FRANKABLE TELECOM/TELETOWNHALL,7422.56
2023Q3,tele_town_hall,5-Jul-23,24-Apr-23,24-Apr-23,COEFFICIENT GROUP,FRANKABLE TELECOM/TELETOWNHALL,6840.00
2023Q3,tele_town_hall,5-Jul-23,22-Jun-23,22-Jun-23,COEFFICIENT GROUP,FRANKABLE TELECOM/TELETOWNHALL,6840.00
2023Q3,tele_town_hall,5-Jul-23,24-May-23,24-May-23,COEFFICIENT GROUP,FRANKABLE TELECOM/TELETOWNHALL,6840.00
2023Q3,advertising,8-Aug-23,22-May-23,11-Jul-23,THE FRANKING GROUP,ADVERTISEMENTS,2500.00
2023Q3,tele_town_hall,9-Aug-23,27-Jul-23,27-Jul-23,COEFFICIENT GROUP,FRANKABLE TELECOM/TELETOWNHALL,6840.00
2023Q4,tele_town_hall,12-Dec-23,30-Nov-23,30-Nov-23,COEFFICIENT,FRANKABLE TELECOM/TELETOWNHALL,6840.00
2023Q4,tele_town_hall,13-Nov-23,25-Oct-23,25-Oct-23,COEFFICIENT,FRANKABLE TELECOM/TELETOWNHALL,6840.00
2023Q4,advertising,19-Oct-23,19-Sep-23,19-Sep-23,CITIBANK -FACEBK 5JRMJU33J2,ADVERTISEMENTS,2.23
2023Q4,advertising,19-Oct-23,5-Sep-23,10-Sep-23,CITIBANK -FACEBK 67BH7VT3J2,ADVERTISEMENTS,62.35
2023Q4,advertising,19-Oct-23,19-Aug-23,3-Sep-23,CITIBANK -FACEBK 7Z8CHUF3J2,ADVERTISEMENTS,75.00
2023Q4,advertising,19-Oct-23,3-Sep-23,4-Sep-23,CITIBANK -FACEBK 9QUCJUF3J2,ADVERTISEMENTS,125.00
2023Q4,advertising,19-Oct-23,3-Sep-23,4-Sep-23,CITIBANK -FACEBK J9WUNTX2J2,ADVERTISEMENTS,75.00
2023Q4,advertising,19-Oct-23,4-Sep-23,5-Sep-23,CITIBANK -FACEBK UD76YT73J2,ADVERTISEMENTS,175.00
2023Q4,advertising,21-Dec-23,11-Nov-23,17-Nov-23,CITIBANK -FACEBK 4GMU8WT2J2,ADVERTISEMENTS,134.47
2023Q4,advertising,21-Dec-23,19-Oct-23,12-Nov-23,CITIBANK -FACEBK XMSDRWK3J2,ADVERTISEMENTS,250.00
2023Q4,advertising,21-Nov-23,18-Oct-23,19-Oct-23,CITIBANK -FACEBK EL559WT3J2,ADVERTISEMENTS,5.91
2023Q4,advertising,21-Nov-23,20-Sep-23,18-Oct-23,CITIBANK -FACEBK NX8M5VP3J2,ADVERTISEMENTS,109.39
2024Q1,tele_town_hall,11-Jan-24,28-Dec-23,28-Dec-23,COEFFICIENT,FRANKABLE TELECOM/TELETOWNHALL,6840.00
2024Q1,advertising,15-Feb-24,19-Dec-23,9-Jan-24,CITIBANK -FACEBK FU2FVXT2J2,ADVERTISEMENTS,250.00
2024Q1,advertising,15-Feb-24,9-Jan-24,18-Jan-24,CITIBANK -FACEBK HMR5AYX2J2,ADVERTISEMENTS,178.58
2024Q1,advertising,15-Feb-24,19-Jan-24,19-Jan-24,CITIBANK -FACEBK U8GR8YT2J2,ADVERTISEMENTS,5.47
2024Q1,tele_town_hall,21-Mar-24,29-Feb-24,29-Feb-24,COEFFICIENT,FRANKABLE TELECOM/TELETOWNHALL,6840.00
2024Q1,advertising,22-Jan-24,19-Dec-23,9-Jan-24,CITIBANK -FACEBK  X2NG9X33J2,ADVERTISEMENTS,250.00
2024Q1,advertising,22-Jan-24,18-Dec-23,19-Dec-23,CITIBANK -FACEBK DRXSAYT3J2,ADVERTISEMENTS,12.63
2024Q1,advertising,22-Jan-24,8-Dec-23,18-Dec-23,CITIBANK -FACEBK UH8D7XP3J2,ADVERTISEMENTS,55.63
2024Q1,advertising,22-Mar-24,19-Jan-24,18-Feb-24,CITIBANK -FACEBK 6EK232L3J2,ADVERTISEMENTS,250.00
2024Q1,advertising,22-Mar-24,18-Feb-24,18-Feb-24,CITIBANK -FACEBK E2F3PZB3J2,ADVERTISEMENTS,3.52
2024Q1,advertising,22-Mar-24,18-Feb-24,19-Feb-24,CITIBANK -FACEBK SJ2X82G3J2,ADVERTISEMENTS,6.60
2024Q1,advertising,29-Jan-24,29-Aug-23,30-Sep-23,THE FRANKING GROUP,ADVERTISEMENTS,2000.00
2024Q1,advertising,31-Jan-24,9-Nov-23,8-Dec-23,THE FRANKING GROUP,ADVERTISEMENTS,10400.00
2024Q1,advertising,31-Jan-24,9-Dec-23,31-Dec-23,THE FRANKING GROUP,ADVERTISEMENTS,9756.33
2024Q1,tele_town_hall,8-Feb-24,30-Jan-24,30-Jan-24,COEFFICIENT,FRANKABLE TELECOM/TELETOWNHALL,6840.00
2024Q2,advertising,14-May-24,19-Mar-24,12-Apr-24,CITIBANK -FACEBK F5LZ83U2J2,ADVERTISEMENTS,250.00
2024Q2,advertising,14-May-24,18-Apr-24,19-Apr-24,CITIBANK -FACEBK P8BLU383J2,ADVERTISEMENTS,21.85
2024Q2,advertising,14-May-24,11-Apr-24,18-Apr-24,CITIBANK -FACEBK QJUAL3Y2J2,ADVERTISEMENTS,43.41
2024Q2,tele_town_hall,23-Apr-24,28-Mar-24,28-Mar-24,COEFFICIENT,FRANKABLE TELECOM/TELETOWNHALL,9360.00
2024Q2,advertising,23-Apr-24,27-Feb-24,26-Mar-24,THE FRANKING GROUP,ADVERTISEMENTS,5600.00
2024Q2,advertising,24-Jun-24,19-Apr-24,17-May-24,CITIBANK -FACEBK  BWVMF5L3J2,ADVERTISEMENTS,250.00
2024Q2,advertising,24-Jun-24,16-May-24,17-May-24,CITIBANK -FACEBK  JC4JP5G3J2,ADVERTISEMENTS,15.21
2024Q2,advertising,25-Apr-24,18-Mar-24,19-Mar-24,CITIBANK -FACEBK MRTRQ2C3J2,ADVERTISEMENTS,7.56
2024Q2,advertising,25-Apr-24,19-Feb-24,19-Mar-24,CITIBANK -FACEBK Y8JWA2Q3J2,ADVERTISEMENTS,250.00
2024Q2,tele_town_hall,7-May-24,17-Apr-24,17-Apr-24,COEFFICIENT,FRANKABLE TELECOM/TELETOWNHALL,13699.84
2024Q3,advertising,17-Jul-24,20-May-24,18-Jun-24,CITIBANK -FACEBK  3VGXW6G3J2,ADVERTISEMENTS,250.00
2024Q3,advertising,17-Jul-24,19-Jun-24,19-Jun-24,CITIBANK -FACEBK  9QAVE683J2,ADVERTISEMENTS,5.10
2024Q3,advertising,17-Jul-24,17-Jun-24,18-Jun-24,CITIBANK -FACEBK  M4XNJ643J2,ADVERTISEMENTS,22.06
2024Q3,tele_town_hall,23-Jul-24,27-Jun-24,27-Jun-24,COEFFICIENT,FRANKABLE TELECOM/TELETOWNHALL,2070.08
2024Q3,advertising,23-Jul-24,18-Jun-24,18-Jun-24,THE FRANKING GROUP,ADVERTISEMENTS,6900.00
2024Q3,tele_town_hall,24-Jul-24,29-Apr-24,29-Apr-24,COEFFICIENT,FRANKABLE TELECOM/TELETOWNHALL,6840.00
2024Q3,tele_town_hall,24-Jul-24,29-May-24,29-May-24,COEFFICIENT,FRANKABLE TELECOM/TELETOWNHALL,6840.00
2024Q3,tele_town_hall,24-Jul-24,27-Jun-24,27-Jun-24,COEFFICIENT,FRANKABLE TELECOM/TELETOWNHALL,6840.00
2024Q3,advertising,25-Sep-24,18-Aug-24,19-Aug-24,CITIBANK -FACEBK  6R3F79U2J2,ADVERTISEMENTS,44.42
2024Q3,advertising,25-Sep-24,17-Aug-24,18-Aug-24,CITIBANK -FACEBK  HWUUZ9L3J2,ADVERTISEMENTS,147.06
2024Q3,advertising,25-Sep-24,19-Jul-24,17-Aug-24,CITIBANK -FACEBK  Y5LPF9C3J2,ADVERTISEMENTS,250.00
2024Q3,advertising,25-Sep-24,15-Aug-24,2-Sep-24,THE SCIOTO GROUP,ADVERTISEMENTS,150000.00
2024Q3,tele_town_hall,26-Aug-24,29-Jul-24,31-Jul-24,COEFFICIENT,FRANKABLE TELECOM/TELETOWNHALL,9301.28
2024Q3,advertising,26-Aug-24,19-Jun-24,19-Jul-24,CITIBANK -FACEBK  5B2BL7Y2J2,ADVERTISEMENTS,208.11
2024Q3,advertising,31-Jul-24,24-Jul-24,12-Aug-24,THE SCIOTO GROUP,ADVERTISEMENTS,75020.00
2024Q3,tele_town_hall,6-Sep-24,27-Aug-24,27-Aug-24,COEFFICIENT,FRANKABLE TELECOM/TELETOWNHALL,6840.00
2024Q3,advertising,6-Sep-24,27-Aug-24,3-Sep-24,THE SCIOTO GROUP,ADVERTISEMENTS,40000.00
2024Q4,advertising,1-Oct-24,28-Aug-24,5-Sep-24,THE FRANKING GROUP,ADVERTISEMENTS,3000.00
2024Q4,advertising,19-Nov-24,1-Oct-24,1-Nov-24,THE FRANKING GROUP,ADVERTISEMENTS,500.00
2024Q4,advertising,24-Dec-24,11-Nov-24,16-Nov-24,CITIBANK -FACEBK  GN5B8FU2J2,ADVERTISEMENTS,98.20
2024Q4,advertising,28-Oct-24,3-Sep-24,5-Sep-24,CITIBANK -FACEBK  5MH86BY2J2,ADVERTISEMENTS,164.55
2024Q4,advertising,28-Oct-24,19-Aug-24,3-Sep-24,CITIBANK -FACEBK  WJAJ6BU3J2,ADVERTISEMENTS,250.00
2024Q4,advertising,5-Nov-24,2-Jul-24,30-Jul-24,THE FRANKING GROUP,ADVERTISEMENTS,1000.00
2025Q1,advertising,10-Feb-25,21-Nov-24,15-Dec-24,CITIBANK -FACEBK  7SFTPGQ3J2,ADVERTISEMENTS,187.64
2025Q1,advertising,13-Jan-25,24-Dec-24,31-Dec-24,THE SCIOTO GROUP,ADVERTISEMENTS,80000.00
2025Q1,advertising,27-Feb-25,21-Dec-24,25-Dec-24,CITIBANK -FACEBK  HZ6GAJU2J2,ADVERTISEMENTS,69.95
2025Q1,tele_town_hall,27-Mar-25,11-Mar-25,11-Mar-25,COEFFICIENT,FRANKABLE TELECOM/TELETOWNHALL,13176.70
2025Q1,tele_town_hall,28-Feb-25,5-Feb-25,5-Feb-25,COEFFICIENT,FRANKABLE TELECOM/TELETOWNHALL,6840.00
2025Q2,advertising,29-Apr-25,29-Jan-25,28-Feb-25,THE FRANKING GROUP,ADVERTISEMENTS,2000.00
2025Q2,tele_town_hall,9-Jun-25,28-May-25,28-May-25,COEFFICIENT,FRANKABLE TELECOM/TELETOWNHALL,10701.90
2025Q2,tele_town_hall,9-May-25,24-Apr-25,24-Apr-25,COEFFICIENT,FRANKABLE TELECOM/TELETOWNHALL,17578.94
2025Q3,tele_town_hall,11-Jul-25,26-Jun-25,26-Jun-25,COEFFICIENT,FRANKABLE TELECOM/TELETOWNHALL,8550.00
2025Q3,advertising,3-Sep-25,24-Jun-25,24-Jul-25,THE FRANKING GROUP,ADVERTISEMENTS,1500.00
2025Q3,tele_town_hall,8-Aug-25,23-Jul-25,23-Jul-25,COEFFICIENT,FRANKABLE TELECOM/TELETOWNHALL,9109.40
2025Q4,tele_town_hall,11-Dec-25,24-Nov-25,24-Nov-25,COEFFICIENT,FRANKABLE TELECOM/TELETOWNHALL,7174.30
2025Q4,tele_town_hall,23-Nov-25,28-Aug-25,28-Aug-25,COEFFICIENT,FRANKABLE TELECOM/TELETOWNHALL,2894.70
2025Q4,tele_town_hall,24-Nov-25,30-Sep-25,30-Sep-25,COEFFICIENT,FRANKABLE TELECOM/TELETOWNHALL,8999.20
2025Q4,tele_town_hall,24-Nov-25,27-Aug-25,27-Aug-25,COEFFICIENT,FRANKABLE TELECOM/TELETOWNHALL,8998.50
2025Q4,tele_town_hall,25-Nov-25,28-Oct-25,28-Oct-25,COEFFICIENT,FRANKABLE TELECOM/TELETOWNHALL,7268.40
2026Q1,advertising,12-Jan-26,25-Dec-25,28-Dec-25,FRONT PORCH STRATEGIES,ADVERTISEMENTS,5422.00
2026Q1,advertising,14-Jan-26,26-Nov-25,31-Dec-25,FRONT PORCH STRATEGIES,ADVERTISEMENTS,95360.00
2026Q1,tele_town_hall,24-Feb-26,10-Feb-26,10-Feb-26,COEFFICIENT,FRANKABLE TELECOM/TELETOWNHALL,7398.80
2026Q1,advertising,25-Feb-26,18-Aug-25,9-Sep-25,THE FRANKING GROUP,ADVERTISEMENTS,2000.00
2026Q1,advertising,25-Feb-26,30-Oct-25,23-Nov-25,THE FRANKING GROUP,ADVERTISEMENTS,2000.00
2026Q1,tele_town_hall,26-Jan-26,7-Jan-26,7-Jan-26,COEFFICIENT,FRANKABLE TELECOM/TELETOWNHALL,5009.90
2026Q1,tele_town_hall,26-Mar-26,16-Mar-26,16-Mar-26,COEFFICIENT,FRANKABLE TELECOM/TELETOWNHALL,7378.30
2026Q1,advertising,30-Jan-26,4-Jan-26,21-Jan-26,FRONT PORCH STRATEGIES,ADVERTISEMENTS,57980.00
2026Q1,advertising,6-Jan-26,11-Dec-25,17-Dec-25,FRONT PORCH STRATEGIES,ADVERTISEMENTS,14780.00
2026Q1,advertising,6-Jan-26,4-Dec-25,10-Dec-25,FRONT PORCH STRATEGIES,ADVERTISEMENTS,15306.00
2026Q1,advertising,6-Jan-26,26-Nov-25,3-Dec-25,FRONT PORCH STRATEGIES,ADVERTISEMENTS,16008.00
2026Q1,advertising,9-Jan-26,18-Dec-25,24-Dec-25,FRONT PORCH STRATEGIES,ADVERTISEMENTS,13106.00
