tradeName,legalName,address,place,zip,county,registrationNumber,dateRegisteredThrough,cd_method
,"NICHOLSON PHARMACY, INC.",36 SCHUYLER ST. BELMONT NY 14813,. BELMONT,14813,ALLEGANY,026164,"September 30, 2028",county wholly in NY-23
CUBA PHARMACY,"FILLMORE AND FISHER PHARMACY, INC.",2 CENTER ST. CUBA NY 14727,. CUBA,14727,ALLEGANY,020318,"October 31, 2028",county wholly in NY-23
FRIENDSHIP PHARMACY,"MARKS, JEFFREY A.",FRIENDSHIP PHARMACY 9 WEST MAIN ST. PO BOX 128 FRIENDSHIP NY 14739,. FRIENDSHIP,14739,ALLEGANY,021983,"February 29, 2028",county wholly in NY-23
,"FILLMORE AND FISHER PHARMACY,INC.",138 N. MAIN ST. WELLSVILLE NY 14895,. WELLSVILLE,14895,ALLEGANY,014331,"July 31, 2028",county wholly in NY-23
WALGREENS,"WALGREEN EASTERN CO., INC.",C/O PHARMACY 10 NO. MAIN ST. WELLSVILLE NY 14895,. WELLSVILLE,14895,ALLEGANY,028751,"July 31, 2028",county wholly in NY-23
,"FILLMORE & FISHER PHARMACY, INC.",10560 RTE. 19 FILLMORE NY 14735,FILLMORE,14735,ALLEGANY,013716,"March 31, 2028",county wholly in NY-23
TOPS,"TOPS MARKETS, LLC",C/O PHARMACY 2401 W. STATE ST. OLEAN NY 14760,. OLEAN,14760,CATTARAUGUS,022350,"March 31, 2028",county wholly in NY-23
WAL-MART PHARMACY,"WAL-MART STORES EAST, LP",C/O PHARMACY DEPARTMENT RTE 417 1869 PLAZA DR. OLEAN NY 14760,. OLEAN,14760,CATTARAUGUS,023338,"April 30, 2028",county wholly in NY-23
,"WORTHY PHARMACY, LLC",202 MAIN ST. OLEAN NY 14760,. OLEAN,14760,CATTARAUGUS,038504,"December 31, 2026",county wholly in NY-23
,GUY PARK PHARMACY LLC,151 GUY PARK AVE AMSTERDAM NY 12010,AMSTERDAM,12010,CATTARAUGUS,038058,"January 31, 2029",county wholly in NY-23
,ELLICOTTVILLE PHARMACY INC.,6133 ROUTE 219 SUITE 1004 ELLICOTTVILLE NY 14731,ELLICOTTVILLE,14731,CATTARAUGUS,017405,"March 31, 2028",county wholly in NY-23
,BARTHOLEMEW'S PHARMACY INC.,2 ELM ST. AT MAIN FRANKLINVILLE NY 14737,FRANKLINVILLE,14737,CATTARAUGUS,009564,"June 30, 2028",county wholly in NY-23
,"VALLEY PHARMACY & MEDICAL SUPPLIES, INC.",31 WEST MAIN ST GOWANDA NY 14070,GOWANDA,14070,CATTARAUGUS,030603,"February 28, 2029",county wholly in NY-23
CVS/PHARMACY #539,"CVS ALBANY, L.L.C.",C/O PHARMACY 415 NORTH UNION STREET OLEAN NY 14760,OLEAN,14760,CATTARAUGUS,012584,"October 31, 2027",county wholly in NY-23
,GENOA HEALTHCARE LLC,1010 WAYNE ST SUITE P OLEAN NY 14760,OLEAN,14760,CATTARAUGUS,041615,"April 30, 2028",county wholly in NY-23
DAN HORN PHARMACY & HEALTH SERVICES,J HORN LLC,111 EAST GREEN STREET OLEAN NY 14760,OLEAN,14760,CATTARAUGUS,041177,"July 31, 2027",county wholly in NY-23
PATIENT'S PHARMACY RANDOLPH,"PATIENT'S PHARMACY, INC.",117 MAIN ST SUITE #3 RANDOLPH NY 14772,RANDOLPH,14772,CATTARAUGUS,042137,"October 31, 2028",county wholly in NY-23
WALGREENS,"WALGREEN EASTERN CO., INC.",CO PHARMACY 3242 ROUTE 39 YORKSHIRE NY 14173,YORKSHIRE,14173,CATTARAUGUS,028493,"July 31, 2028",county wholly in NY-23
MARTIN'S PHARMACY,"TOPS MARKETS, LLC",3955 VINEYARD DR. DUNKIRK NY 14048,. DUNKIRK,14048,CHAUTAUQUA,021550,"March 31, 2028",county wholly in NY-23
WAL-MART,"WAL-MART STORES EAST, LP",C/O PHARMACY 10401 BENNETT RD. FREDONIA NY 14063,. FREDONIA,14063,CHAUTAUQUA,023374,"April 30, 2028",county wholly in NY-23
WATERFRONT PHARMACY,"CHAUTAUQUA CENTER, INC. THE",107 INSTITUTE ST. JAMESTOWN NY 14701,. JAMESTOWN,14701,CHAUTAUQUA,038085,"August 31, 2029",county wholly in NY-23
TOPS,"TOPS MARKETS, LLC",C/O PHARMACY 2000 WASHINGTON ST. JAMESTOWN NY 14701,. JAMESTOWN,14701,CHAUTAUQUA,023231,"March 31, 2028",county wholly in NY-23
,UPMC CHAUTAUQUA AT WCA,C/O PHARMACY 207 FOOTE AVE. JAMESTOWN NY 14701,. JAMESTOWN,14701,CHAUTAUQUA,000820,"February 29, 2028",county wholly in NY-23
WALGREENS,"WALGREEN EASTERN CO., INC.",C/O PHARMACY 10 PROSPECT ST. JAMESTOWN NY 14701,. JAMESTOWN,14701,CHAUTAUQUA,028669,"July 31, 2028",county wholly in NY-23
WAL-MART SUPERCENTER,"WAL-MART STORES EAST, LP",C/O PHARMACY 350 E. FAIRMOUNT AVE. LAKEWOOD NY 14750,. LAKEWOOD,14750,CHAUTAUQUA,023377,"April 30, 2028",county wholly in NY-23
CVS PHARMACY,"CVS ALBANY, L.L.C.",C/O PHARMACY 117 E. MAIN ST. WESTFIELD NY 14787,. WESTFIELD,14787,CHAUTAUQUA,020529,"October 31, 2027",county wholly in NY-23
WATERFRONT PHARMACY,"CHAUTAUQUA CENTER, INC., THE",75 E THIRD ST DUNKIRK NY 14048,DUNKIRK,14048,CHAUTAUQUA,039946,"December 31, 2028",county wholly in NY-23
CVS/PHARMACY,"CVS ALBANY, L.L.C.",C/O PHARMACY 175 EAST FOURTH STREET DUNKIRK NY 14048,DUNKIRK,14048,CHAUTAUQUA,016360,"October 31, 2027",county wholly in NY-23
CVS PHARMACY,"CVS ALBANY, L.L.C.",C/O PHARMACY 10 SOUTHWORK ST FALCONER NY 14733,FALCONER,14733,CHAUTAUQUA,020491,"October 31, 2027",county wholly in NY-23
CONCORD PHARMACY,GGG61 CORP,10220 ROUTE 60 FREDONIA NY 14063-1420,FREDONIA,14063,CHAUTAUQUA,031502,"November 30, 2027",county wholly in NY-23
THE RESOURCE CENTER PHARMACY,CHAUTAUQUA COUNTY CHAPTER NYSARC INC.,C/O PHARMACY 712 WEST 8TH STREET JAMESTOWN NY 14701,JAMESTOWN,14701,CHAUTAUQUA,017294,"October 31, 2028",county wholly in NY-23
CVS PHARMACY #5087,"CVS ALBANY, L.L.C.",C/O PHARMACY 19 SOUTH MAIN ST JAMESTOWN NY 14701,JAMESTOWN,14701,CHAUTAUQUA,020506,"October 31, 2027",county wholly in NY-23
,"PATIENT'S PHARMACY, INC.",707 FAIRMOUNT AVE STE 6 JAMESTOWN NY 14701,JAMESTOWN,14701,CHAUTAUQUA,028570,"September 30, 2028",county wholly in NY-23
,"WEGMAN'S FOOD MARKETS, INC.",C/O PHARMACY 945 FAIRMOUNT AVE JAMESTOWN NY 14701,JAMESTOWN,14701,CHAUTAUQUA,022377,"December 31, 2028",county wholly in NY-23
SHERMAN PHARMACY,SHERMAN AREA PHARMACY INC.,105 WEST MAIN STREET SHERMAN NY 14781,SHERMAN,14781,CHAUTAUQUA,034331,"February 29, 2028",county wholly in NY-23
SOUTH DAYTON PHARMACY,"CHAUTAUQUA CENTER, INC. THE",303 PINE STREET SOUTH DAYTON NY 14138,SOUTH DAYTON,14138,CHAUTAUQUA,041043,"September 30, 2027",county wholly in NY-23
BLITZ PHARMACY,BLITZ PHARMACY INC.,485 MAPLE ST. BIG FLATS NY 14814,. BIG,14814,CHEMUNG,032347,"September 30, 2028",county wholly in NY-23
,ELMIRA PSYCHIATRIC CENTER,C/O PHARMACY 100 WASHINGTON ST. ELMIRA NY 14901,. ELMIRA,14901,CHEMUNG,014317,"August 31, 2028",county wholly in NY-23
,"GEROULD'S PROFESSIONAL PHARMACY, INC.",215 HOFFMAN ST. ELMIRA NY 14905,. ELMIRA,14905,CHEMUNG,013979,"November 30, 2028",county wholly in NY-23
WALGREEN,"WALGREEN EASTERN CO.,INC.",C/O PHARMACY 402 N. MAIN ST. ELMIRA NY 14901,. ELMIRA,14901,CHEMUNG,028787,"July 31, 2028",county wholly in NY-23
,"WEGMAN'S FOOD MARKETS, INC.",C/O PHARMACY 1100 CLEMENS CENTER PKWY. ELMIRA NY 14901,. ELMIRA,14901,CHEMUNG,022816,"December 31, 2028",county wholly in NY-23
WEIS PHARMACY #116,"WEIS MARKETS, INC.",401 N. MAIN ST. ELMIRA NY 14901,. ELMIRA,14901,CHEMUNG,018043,"February 29, 2028",county wholly in NY-23
,"GEROULD'S PROFESSIONAL PHARMACY, INC.",2887 WESTINGHOUSE RD. HORSEHEADS NY 14845,. HORSEHEADS,14845,CHEMUNG,019375,"February 29, 2028",county wholly in NY-23
CVS/PHARMACY #17240,"CVS ALBANY, LLC",930 COUNTY ROAD 64 ELMIRA NY 14903,64 ELMIRA,14903,CHEMUNG,034168,"October 31, 2027",county wholly in NY-23
SAM'S PHARMACY,"SAM'S EAST, INC.",830 COUNTY ROAD 64 ELMIRA NY 14903-9716,64 ELMIRA,14903,CHEMUNG,028015,"April 30, 2028",county wholly in NY-23
WAL-MART PHARMACY,"WAL-MART STORES EAST, LP",C/O PHARMACY DEPARTMENT 1400 COUNTY ROAD 64 HORSEHEADS NY 14845,64 HORSEHEADS,14845,CHEMUNG,023359,"April 30, 2028",county wholly in NY-23
,"GEROULD'S PROFESSIONAL PHARMACY, INC.",130 S. MAIN STREET ELMIRA NY 14904,ELMIRA,14904,CHEMUNG,000831,"July 31, 2028",county wholly in NY-23
WALGREENS,"WALGREEN EASTERN CO., INC",9050 ERIE RD. ANGOLA NY 14006-9556,. ANGOLA,14006,ERIE,029592,"July 31, 2028",Census batch geocode + point-in-district
CVS/PHARMACY,"CVS ALBANY, L.L.C.",PHARMACY DEPARTMENT 3734 S. PARK AVE. BLASDELL NY 14219,. BLASDELL,14219,ERIE,018107,"October 31, 2027",Census batch geocode + point-in-district
WALGREENS,"WALGREEN EASTERN CO.,INC.",C/O PHARMACY 9217 MAIN ST. CLARENCE NY 14031,. CLARENCE,14031,ERIE,028784,"July 31, 2028",Census batch geocode + point-in-district
TOPS,"TOPS MARKETS, LLC",C/O PHARMACY 6363 TRANSIT RD. DEPEW NY 14043,. DEPEW,14043,ERIE,024259,"March 31, 2028",Census batch geocode + point-in-district
TOPS,"TOPS MARKETS, LLC",C/O PHARMACY 4777 TRANSIT RD. DEPEW NY 14043,. DEPEW,14043,ERIE,021160,"March 31, 2028",Census batch geocode + point-in-district
WAL-MART PHARMACY,"WAL-MART STORES EAST, LP.",4975 TRANSIT RD. DEPEW NY 14043,. DEPEW,14043,ERIE,030322,"April 30, 2028",Census batch geocode + point-in-district
WALGREENS,"WALGREEN EASTERN CO., INC.",C/O PHARMACY 6785 TRANSIT ROAD. EAST AMHERST NY 14051-1303,. EAST AMHERST,14051,ERIE,028221,"July 31, 2028",Census batch geocode + point-in-district
CY'S ELMA PHARMACY,J. RUTOWSKI OF ELMA INC.,2317 BOWEN RD. ELMA NY 14059,. ELMA,14059,ERIE,028512,"July 31, 2028",Census batch geocode + point-in-district
,"CASEY'S PRESCRIPTION PAD, INC.",5844 SOUTHWESTERN BLVD. SUITE 300 HAMBURG NY 14075,. HAMBURG,14075,ERIE,031469,"August 31, 2027",geocoded earlier
BROOKS PHARMACY,RML PHARMACY PC,4481 LAKESHORE RD. HAMBURG NY 14075,. HAMBURG,14075,ERIE,031767,"January 31, 2028",Census batch geocode + point-in-district
TOPS,"TOPS MARKETS, LLC",S6150 SOUTH PARK AVE. HAMBURG NY 14075,. HAMBURG,14075,ERIE,021359,"March 31, 2028",Census batch geocode + point-in-district
WALGREENS,"WALGREEN EASTERN CO., INC.",6199 SOUTH PARK AVE. HAMBURG NY 14075,. HAMBURG,14075,ERIE,030374,"July 31, 2028",Census batch geocode + point-in-district
HOLLAND PHARMACY,ROUTE 16 PHARMACY LLC,19 N. MAIN ST. HOLLAND NY 14080-0021,. HOLLAND,14080,ERIE,035905,"April 30, 2027",Census batch geocode + point-in-district
,ANTHONY-BROWN PHARMACY INC.,4328 S. BUFFALO ST. ORCHARD PARK NY 14127,. ORCHARD PARK,14127,ERIE,010413,"January 31, 2028",Census batch geocode + point-in-district
,COTTRILL'S PHARMACY INC.,4919 ELLICOTT RD. ORCHARD PARK NY 14127,. ORCHARD PARK,14127,ERIE,035270,"January 31, 2029",Census batch geocode + point-in-district
,TOPS MARKETS LLC,C/O PHARMACY 3201 SOUTHWESTERN BLVD. ORCHARD PARK NY 14127,. ORCHARD PARK,14127,ERIE,025290,"March 31, 2028",Census batch geocode + point-in-district
WAL-MART PHARMACY,"WAL-MART STORES EAST, LP",C/O PHARMACY DEPARTMENT 317 SOUTH CASCADE DR. SPRINGVILLE NY 14141,. SPRINGVILLE,14141,ERIE,023339,"April 30, 2028",Census batch geocode + point-in-district
WAL-MART PHARMACY,"WAL-MART STORES EAST, LP",C/O PHARMACY DEPARTMENT 5033 TRANSIT RD. WILLIAMSVILLE NY 14221,. WILLIAMSVILLE,14221,ERIE,023332,"April 30, 2028",Census batch geocode + point-in-district
,"AKRON COMMUNITY PHARMACY, INC.",12983 MAIN RD AKRON NY 14001,AKRON,14001,ERIE,041908,"September 30, 2028",Census batch geocode + point-in-district
ALDEN PHARMACY,RUTOWSKI OF ALDEN INC.,13203 BROADWAY ALDEN NY 14004,ALDEN,14004,ERIE,040114,"February 28, 2029",Census batch geocode + point-in-district
TOPS,"TOPS MARKETS, LLC",12775 BROADWAY ALDEN NY 14004,ALDEN,14004,ERIE,024493,"March 31, 2028",Census batch geocode + point-in-district
,"WEGMAN'S FOOD MARKETS, INC.",C/O PHARMACY S-3740 MCKINLEY PKY. BLASDELL NY 14219,BLASDELL,14219,ERIE,019803,"December 31, 2028",Census batch geocode + point-in-district
WALGREENS #05592,"WALGREEN EASTERN CO., INC.",C/O PHARMACY 5275 TRANSIT ROAD BUFFALO NY 14221,BUFFALO,14221,ERIE,024653,"July 31, 2028",Census batch geocode + point-in-district
CLARENCE PHARMACY,CLARENCE PHARMACY LLC,9500 MAIN STREET SUITE 600 CLARENCE NY 14031,CLARENCE,14031,ERIE,034628,"May 31, 2028",geocoded earlier
,"TOPS MARKETS, LLC",5175 BROADWAY DEPEW NY 14043,DEPEW,14043,ERIE,041159,"January 31, 2028",Census batch geocode + point-in-district
WALGREENS #03859,"WALGREEN EASTERN CO., INC.",C/O PHARMACY 4815 BROADWAY DEPEW NY 14043,DEPEW,14043,ERIE,023101,"July 31, 2028",Census batch geocode + point-in-district
,"TOPS MARKETS, LLC",C/O PHARMACY 6914 ERIE ROAD DERBY NY 14047,DERBY,14047,ERIE,024596,"March 31, 2028",Census batch geocode + point-in-district
CVS/PHARMACY,"CVS ALBANY, L.L.C.",PHARMACY DEPARTMENT 727 MAIN STREET EAST AURORA NY 14052,EAST AURORA,14052,ERIE,018301,"October 31, 2027",Census batch geocode + point-in-district
LARWOOD PHARMACY,RUTOWSKI OF EAST AURORA INC.,597 OAKWOOD AVE EAST AURORA NY 14052,EAST AURORA,14052,ERIE,038898,"August 31, 2027",Census batch geocode + point-in-district
CVS/PHARMACY,"CVS ALBANY, L.L.C.",C/O PHARMACY 7182 BOSTON STATE ROAD HAMBURG NY 14075,HAMBURG,14075,ERIE,012838,"October 31, 2027",geocoded earlier
WANAKAH PHARMACY,J. RUTOWSKI OF WANAKAH INC.,S. 4923 LAKESHORE ROAD HAMBURG NY 14075,HAMBURG,14075,ERIE,024197,"January 31, 2028",Census batch geocode + point-in-district
WAL-MART PHARMACY,"WAL-MART STORES EAST, LP",C/O PHARMACY DEPARTMENT 5360 SOUTHWESTERN BLVD HAMBURG NY 14075,HAMBURG,14075,ERIE,023329,"April 30, 2028",Census batch geocode + point-in-district
CVS PHARMACY 16442,"CVS ALBANY, LLC",5622 AMANDA LANE ORCHARD PARK NY 14127,ORCHARD PARK,14127,ERIE,034190,"October 31, 2027",Census batch geocode + point-in-district
,SPRINGVILLE PHARMACY LLC,13 E. MAIN STREET SPRINGVILLE NY 14141,SPRINGVILLE,14141,ERIE,037338,"April 30, 2028",Census batch geocode + point-in-district
,PENDLETON STAR PHARMACY INC.,6503 CAMPBELL BLVD. LOCKPORT NY 14094,. LOCKPORT,14094,NIAGARA,032351,"October 31, 2028",Census batch geocode + point-in-district
WAL-MART PHARMACY,"WAL-MART STORES EAST, LP",C/O PHARMACY DEPARTMENT 5735 S. TRANSIT RD. LOCKPORT NY 14094,. LOCKPORT,14094,NIAGARA,023350,"April 30, 2028",Census batch geocode + point-in-district
LOCKPORT APOTHECARY,"JRX,LLC",6606 LINCOLN AVENUE LOCKPORT NY 14094,LOCKPORT,14094,NIAGARA,024160,"December 31, 2028",Census batch geocode + point-in-district
,"TOPS MARKETS, LLC",5827 S. TRANSIT RD LOCKPORT NY 14094,LOCKPORT,14094,NIAGARA,041158,"January 31, 2028",Census batch geocode + point-in-district
,QUINLAN'S PHARMACY INC.,336 WEST MAIN ST. P.O BOX 548 MONTOUR FALLS NY 14865-9998,. MONTOUR FALLS,14865,SCHUYLER,031366,"May 31, 2027",county wholly in NY-23
CVS PHARMACY,"CVS ALBANY, L.L.C.",C/O PHARMACY 506 SOUTH FRANKLIN ST. WATKINS GLEN NY 14891,. WATKINS GLEN,14891,SCHUYLER,016566,"October 31, 2027",county wholly in NY-23
WAL-MART,"WAL-MART STORES EAST, LP",C/O PHARMACY 515 EAST 4TH ST. WATKINS GLEN NY 14891,. WATKINS GLEN,14891,SCHUYLER,025672,"April 30, 2028",county wholly in NY-23
ADDISON PHARMACY,CMV PHARMACY INC.,36 MAIN ST. ADDISON NY 14801,. ADDISON,14801,STEUBEN,041136,"July 31, 2027",county wholly in NY-23
TOPS,"TOPS MARKETS, LLC",C/O PHARMACY 309 W. MORRIS ST. BATH NY 14810,. BATH,14810,STEUBEN,022854,"March 31, 2028",county wholly in NY-23
,"GEROULD'S PROFESSIONAL PHARMACY, INC.",98 W. PULTNEY ST. CORNING NY 14830,. CORNING,14830,STEUBEN,026262,"November 30, 2028",county wholly in NY-23
PARK PHARMACY OF HAMMONDSPORT,"PARK PHARMACY OF HAMMONDSPORT, LLC",27 SHETHAR ST. HAMMONDSPORT NY 14840,. HAMMONDSPORT,14840,STEUBEN,031160,"February 28, 2027",county wholly in NY-23
WAL-MART PHARMACY,"WAL-MART STORES EAST, LP",C/O PHARMACY 3217 SILVERBACK LN. PAINTED POST NY 14870,. PAINTED POST,14870,STEUBEN,025132,"April 30, 2028",county wholly in NY-23
CVS PHARMACY,"CVS ALBANY, L.L.C.",C/O PHARMACY 100 EAST NAPLES ST. WAYLAND NY 14572,. WAYLAND,14572,STEUBEN,020527,"October 31, 2027",county wholly in NY-23
QUINLAN'S MEDICAL EQUIPMENT AND SUPPLY,"QUINLAN'S PHARMACY, INC.",107 N. MAIN ST. WAYLAND NY 14572,. WAYLAND,14572,STEUBEN,023241,"July 31, 2028",county wholly in NY-23
,"WEGMAN'S FOOD MARKETS, INC.",C/O PHARMACY 1000 HWY 36 NORTH HORNELL NY 14843,36 NORTH HORNELL,14843,STEUBEN,022470,"December 31, 2028",county wholly in NY-23
WALGREENS,"WALGREEN EASTERN CO., INC",C/O PHARMACY 321 W WASHINGTON ST BATH NY 14810,BATH,14810,STEUBEN,028922,"July 31, 2028",county wholly in NY-23
,"WEGMAN'S FOOD MARKETS, INC.",C/O PHARMACY 24 S. BRIDGE STREET CORNING NY 14830,CORNING,14830,STEUBEN,019707,"December 31, 2028",county wholly in NY-23
WAL-MART PHARMACY,"WAL-MART STORES EAST, LP",C/O PHARMACY DEPARTMENT 1000 STATE RTE 36 HORNELL NY 14843,HORNELL,14843,STEUBEN,023327,"April 30, 2028",county wholly in NY-23
CVS/PHARMACY,"CVS ALBANY, L.L.C.",C/O PHARMACY 39 PARK ST. OWEGO NY 13827,. OWEGO,13827,TIOGA,023449,"October 31, 2027",county wholly in NY-23
THE OWEGO PHARMACY,"OWEGO PHARMACY, INC. THE",1135 ST RT 17C OWEGO NY 13827,OWEGO,13827,TIOGA,031036,"January 31, 2027",county wholly in NY-23
WAVERLY PHARMACY,"CRYSTAL CITY APOTHECARY, LLC",443 CAYUTA AVENUE WAVERLY NY 14892-1326,WAVERLY,14892,TIOGA,027521,"September 30, 2029",county wholly in NY-23
