date,event_id,event_kind,event_title,sheet,vote_no,question,langworthy,ayes,nays,parse_check
2025-01-14,117774,organizational meeting,Full Committee Organizational Meeting of the House Committee on Oversight and Government Reform,https://docs.house.gov/meetings/GO/GO00/20250114/117774/CRPT-119-GO00-Vote001-20250114.pdf,1,Motion to Table the Motion by Mr. Frost,Aye,22,17,ok
2025-01-14,117774,organizational meeting,Full Committee Organizational Meeting of the House Committee on Oversight and Government Reform,https://docs.house.gov/meetings/GO/GO00/20250114/117774/CRPT-119-GO00-Vote002-20250114.pdf,2,Motion to Structure Debate to 15 Minutes by Mr. Donalds,Aye,23,16,ok
2025-01-14,117774,organizational meeting,Full Committee Organizational Meeting of the House Committee on Oversight and Government Reform,https://docs.house.gov/meetings/GO/GO00/20250114/117774/CRPT-119-GO00-Vote003-20250114.pdf,3,Connolly Amendment to the Oversight Committee Rules,No,16,24,ok
2025-01-14,117774,organizational meeting,Full Committee Organizational Meeting of the House Committee on Oversight and Government Reform,https://docs.house.gov/meetings/GO/GO00/20250114/117774/CRPT-119-GO00-Vote004-20250114.pdf,4,Mfume Amendment to the Oversight Committee Rules,No,16,25,ok
2025-01-14,117774,organizational meeting,Full Committee Organizational Meeting of the House Committee on Oversight and Government Reform,https://docs.house.gov/meetings/GO/GO00/20250114/117774/CRPT-119-GO00-Vote005-20250114.pdf,5,Stansbury Amendment to the Oversight Committee Rules,No,16,25,ok
2025-01-14,117774,organizational meeting,Full Committee Organizational Meeting of the House Committee on Oversight and Government Reform,https://docs.house.gov/meetings/GO/GO00/20250114/117774/CRPT-119-GO00-Vote006-20250114.pdf,6,Garcia Amendment to the Oversight Committee Rules,No,16,25,ok
2025-01-14,117774,organizational meeting,Full Committee Organizational Meeting of the House Committee on Oversight and Government Reform,https://docs.house.gov/meetings/GO/GO00/20250114/117774/CRPT-119-GO00-Vote007-20250114.pdf,7,Crockett Amendment to the Oversight Committee Rules,No,16,25,ok
2025-01-14,117774,organizational meeting,Full Committee Organizational Meeting of the House Committee on Oversight and Government Reform,https://docs.house.gov/meetings/GO/GO00/20250114/117774/CRPT-119-GO00-Vote008-20250114.pdf,8,Adoption of the Oversight Committee Rules,Aye,25,16,ok
2025-01-15,117775,hearing,“The Stay-at-Home Federal Workforce: Another Biden-Harris Legacy”,,,,(no recorded votes at this event),,,
2025-02-05,117856,hearing,“Rightsizing Government”,https://docs.house.gov/meetings/GO/GO00/20250205/117856/CRPT-119-GO00-Vote001-20250205.pdf,1,Motion to Table Motion to Subpoena Elon Musk,Not voting,20,19,MISMATCH
2025-02-25,117954,markup,Markup of the Full Committee to Consider the Following: 1) Authorization & Oversight Plan of the Committee on Oversight and Government Reform,https://docs.house.gov/meetings/GO/GO00/20250225/117954/CRPT-119-GO00-Vote001-20250225.pdf,1,Motion to Table RM Connolly’s Motion to Appeal the Ruling of the Chair,Not voting,20,19,ok
2025-02-25,117954,markup,Markup of the Full Committee to Consider the Following: 1) Authorization & Oversight Plan of the Committee on Oversight and Government Reform,https://docs.house.gov/meetings/GO/GO00/20250225/117954/CRPT-119-GO00-Vote002-20250225.pdf,2,Motion to Move the Previous Question,Not voting,20,19,ok
2025-02-25,117954,markup,Markup of the Full Committee to Consider the Following: 1) Authorization & Oversight Plan of the Committee on Oversight and Government Reform,https://docs.house.gov/meetings/GO/GO00/20250225/117954/CRPT-119-GO00-Vote003-20250225.pdf,3,Comer ANS to 119th OGR Authorization and Oversight Plan,Aye,22,17,ok
2025-02-25,117954,markup,Markup of the Full Committee to Consider the Following: 1) Authorization & Oversight Plan of the Committee on Oversight and Government Reform,https://docs.house.gov/meetings/GO/GO00/20250225/117954/CRPT-119-GO00-Vote004-20250225.pdf,4,Final Passage - OGR Authorization and Oversight Plan,Aye,22,18,ok
2025-02-25,117922,hearing,The Government Accountability Office’s 2025 High Risk List,,,,(no recorded votes at this event),,,
2025-03-05,117980,hearing,“A Hearing with Sanctuary City Mayors”,,,,(no recorded votes at this event),,,
2025-03-25,118060,markup,"Markup of the Full Committee to Consider the Following: 1) H.R. 1295, the Reorganizing Government Act of 2025; 2) H.R. 1210, the Protecting Taxpayers’ Wallet Ac",https://docs.house.gov/meetings/GO/GO00/20250325/118060/CRPT-119-GO00-Vote001-20250325.pdf,1,Connolly Amendment to the ANS to H.R. 1295,Not voting,20,23,ok
2025-03-25,118060,markup,"Markup of the Full Committee to Consider the Following: 1) H.R. 1295, the Reorganizing Government Act of 2025; 2) H.R. 1210, the Protecting Taxpayers’ Wallet Ac",https://docs.house.gov/meetings/GO/GO00/20250325/118060/CRPT-119-GO00-Vote002-20250325.pdf,2,Brown Amendment to the ANS to H.R. 1295,Not voting,20,23,ok
2025-03-25,118060,markup,"Markup of the Full Committee to Consider the Following: 1) H.R. 1295, the Reorganizing Government Act of 2025; 2) H.R. 1210, the Protecting Taxpayers’ Wallet Ac",https://docs.house.gov/meetings/GO/GO00/20250325/118060/CRPT-119-GO00-Vote003-20250325.pdf,3,Randall Amendment to the ANS to H.R. 1295,Not voting,20,23,ok
2025-03-25,118060,markup,"Markup of the Full Committee to Consider the Following: 1) H.R. 1295, the Reorganizing Government Act of 2025; 2) H.R. 1210, the Protecting Taxpayers’ Wallet Ac",https://docs.house.gov/meetings/GO/GO00/20250325/118060/CRPT-119-GO00-Vote004-20250325.pdf,4,Ansari Amendment to the ANS to H.R. 1295,Not voting,20,23,ok
2025-03-25,118060,markup,"Markup of the Full Committee to Consider the Following: 1) H.R. 1295, the Reorganizing Government Act of 2025; 2) H.R. 1210, the Protecting Taxpayers’ Wallet Ac",https://docs.house.gov/meetings/GO/GO00/20250325/118060/CRPT-119-GO00-Vote005-20250325.pdf,5,Subramanyam Amendment to the ANS to H.R. 1295,Not voting,20,23,ok
2025-03-25,118060,markup,"Markup of the Full Committee to Consider the Following: 1) H.R. 1295, the Reorganizing Government Act of 2025; 2) H.R. 1210, the Protecting Taxpayers’ Wallet Ac",https://docs.house.gov/meetings/GO/GO00/20250325/118060/CRPT-119-GO00-Vote006-20250325.pdf,6,Bell Amendment to the ANS to H.R. 1295,Not voting,20,23,ok
2025-03-25,118060,markup,"Markup of the Full Committee to Consider the Following: 1) H.R. 1295, the Reorganizing Government Act of 2025; 2) H.R. 1210, the Protecting Taxpayers’ Wallet Ac",https://docs.house.gov/meetings/GO/GO00/20250325/118060/CRPT-119-GO00-Vote007-20250325.pdf,7,Simon Amendment to the ANS to H.R. 1295,Not voting,20,23,ok
2025-03-25,118060,markup,"Markup of the Full Committee to Consider the Following: 1) H.R. 1295, the Reorganizing Government Act of 2025; 2) H.R. 1210, the Protecting Taxpayers’ Wallet Ac",https://docs.house.gov/meetings/GO/GO00/20250325/118060/CRPT-119-GO00-Vote008-20250325.pdf,8,Pressley Amendment to the ANS to H.R. 1295,Not voting,20,23,ok
2025-03-25,118060,markup,"Markup of the Full Committee to Consider the Following: 1) H.R. 1295, the Reorganizing Government Act of 2025; 2) H.R. 1210, the Protecting Taxpayers’ Wallet Ac",https://docs.house.gov/meetings/GO/GO00/20250325/118060/CRPT-119-GO00-Vote009-20250325.pdf,9,"Final Passage - H.R. 1295, the Reorganizing Government Act of 2025",Not voting,23,20,ok
2025-03-25,118060,markup,"Markup of the Full Committee to Consider the Following: 1) H.R. 1295, the Reorganizing Government Act of 2025; 2) H.R. 1210, the Protecting Taxpayers’ Wallet Ac",https://docs.house.gov/meetings/GO/GO00/20250325/118060/CRPT-119-GO00-Vote010-20250325.pdf,10,Stansbury Amendment to the ANS to H.R. 1210,Not voting,21,23,ok
2025-03-25,118060,markup,"Markup of the Full Committee to Consider the Following: 1) H.R. 1295, the Reorganizing Government Act of 2025; 2) H.R. 1210, the Protecting Taxpayers’ Wallet Ac",https://docs.house.gov/meetings/GO/GO00/20250325/118060/CRPT-119-GO00-Vote011-20250325.pdf,11,Perry Amendment #1 to Biggs Amendment to the ANS to H.R. 1210,Not voting,18,26,ok
2025-03-25,118060,markup,"Markup of the Full Committee to Consider the Following: 1) H.R. 1295, the Reorganizing Government Act of 2025; 2) H.R. 1210, the Protecting Taxpayers’ Wallet Ac",https://docs.house.gov/meetings/GO/GO00/20250325/118060/CRPT-119-GO00-Vote012-20250325.pdf,12,Perry Amendment #2 to Biggs Amendment to the ANS to H.R. 1210,Not voting,17,27,ok
2025-03-25,118060,markup,"Markup of the Full Committee to Consider the Following: 1) H.R. 1295, the Reorganizing Government Act of 2025; 2) H.R. 1210, the Protecting Taxpayers’ Wallet Ac",https://docs.house.gov/meetings/GO/GO00/20250325/118060/CRPT-119-GO00-Vote013-20250325.pdf,13,Perry Amendment #3 to Biggs Amendment to the ANS to H.R. 1210,Not voting,17,27,ok
2025-03-25,118060,markup,"Markup of the Full Committee to Consider the Following: 1) H.R. 1295, the Reorganizing Government Act of 2025; 2) H.R. 1210, the Protecting Taxpayers’ Wallet Ac",https://docs.house.gov/meetings/GO/GO00/20250325/118060/CRPT-119-GO00-Vote014-20250325.pdf,14,Biggs Amendment to the ANS to H.R. 1210,Not voting,9,35,ok
2025-03-25,118060,markup,"Markup of the Full Committee to Consider the Following: 1) H.R. 1295, the Reorganizing Government Act of 2025; 2) H.R. 1210, the Protecting Taxpayers’ Wallet Ac",https://docs.house.gov/meetings/GO/GO00/20250325/118060/CRPT-119-GO00-Vote015-20250325.pdf,15,"Final Passage – H.R. 1210, the Protecting Taxpayers’ Wallets Act",Not voting,23,21,ok
2025-03-25,118060,markup,"Markup of the Full Committee to Consider the Following: 1) H.R. 1295, the Reorganizing Government Act of 2025; 2) H.R. 1210, the Protecting Taxpayers’ Wallet Ac",https://docs.house.gov/meetings/GO/GO00/20250325/118060/CRPT-119-GO00-Vote016-20250325.pdf,16,Biggs Amendment to the ANS to H.R. 2249,Not voting,13,31,ok
2025-03-25,118060,markup,"Markup of the Full Committee to Consider the Following: 1) H.R. 1295, the Reorganizing Government Act of 2025; 2) H.R. 1210, the Protecting Taxpayers’ Wallet Ac",https://docs.house.gov/meetings/GO/GO00/20250325/118060/CRPT-119-GO00-Vote017-20250325.pdf,17,"Final Passage – H.R. 2249, the Preserving Presidential Management Authority Act",Not voting,23,21,ok
2025-03-25,118060,markup,"Markup of the Full Committee to Consider the Following: 1) H.R. 1295, the Reorganizing Government Act of 2025; 2) H.R. 1210, the Protecting Taxpayers’ Wallet Ac",https://docs.house.gov/meetings/GO/GO00/20250325/118060/CRPT-119-GO00-Vote018-20250325.pdf,18,Burlison Amendment #1 to Biggs Amendment to the ANS to H.R. 2174,Not voting,16,28,ok
2025-03-25,118060,markup,"Markup of the Full Committee to Consider the Following: 1) H.R. 1295, the Reorganizing Government Act of 2025; 2) H.R. 1210, the Protecting Taxpayers’ Wallet Ac",https://docs.house.gov/meetings/GO/GO00/20250325/118060/CRPT-119-GO00-Vote019-20250325.pdf,19,Burlison Amendment #3 to Biggs Amendment to the ANS to H.R. 2174,Not voting,18,26,ok
2025-03-25,118060,markup,"Markup of the Full Committee to Consider the Following: 1) H.R. 1295, the Reorganizing Government Act of 2025; 2) H.R. 1210, the Protecting Taxpayers’ Wallet Ac",https://docs.house.gov/meetings/GO/GO00/20250325/118060/CRPT-119-GO00-Vote020-20250325.pdf,20,Biggs Amendment to the ANS to H.R. 2174,Not voting,14,30,ok
2025-03-25,118060,markup,"Markup of the Full Committee to Consider the Following: 1) H.R. 1295, the Reorganizing Government Act of 2025; 2) H.R. 1210, the Protecting Taxpayers’ Wallet Ac",https://docs.house.gov/meetings/GO/GO00/20250325/118060/CRPT-119-GO00-Vote021-20250325.pdf,21,"Final Passage – H.R. 2174, the Paycheck Protection Act",Not voting,23,21,ok
2025-03-25,118060,markup,"Markup of the Full Committee to Consider the Following: 1) H.R. 1295, the Reorganizing Government Act of 2025; 2) H.R. 1210, the Protecting Taxpayers’ Wallet Ac",https://docs.house.gov/meetings/GO/GO00/20250325/118060/CRPT-119-GO00-Vote022-20250325.pdf,22,"Final Passage – H.R. 2193, the FEHB Protection Act",Not voting,29,15,ok
2025-03-25,118060,markup,"Markup of the Full Committee to Consider the Following: 1) H.R. 1295, the Reorganizing Government Act of 2025; 2) H.R. 1210, the Protecting Taxpayers’ Wallet Ac",https://docs.house.gov/meetings/GO/GO00/20250325/118060/CRPT-119-GO00-Vote023-20250325.pdf,23,"Final Passage – H.R. 2277, the Federal Accountability Committee Transparency Act",Not voting,44,0,ok
2025-03-25,118060,markup,"Markup of the Full Committee to Consider the Following: 1) H.R. 1295, the Reorganizing Government Act of 2025; 2) H.R. 1210, the Protecting Taxpayers’ Wallet Ac",https://docs.house.gov/meetings/GO/GO00/20250325/118060/CRPT-119-GO00-Vote024-20250325.pdf,24,"Final Passage – H.R. 2056, the District of Columbia Federal Immigration Compliance Act",Not voting,23,21,ok
2025-03-25,118060,markup,"Markup of the Full Committee to Consider the Following: 1) H.R. 1295, the Reorganizing Government Act of 2025; 2) H.R. 1210, the Protecting Taxpayers’ Wallet Ac",https://docs.house.gov/meetings/GO/GO00/20250325/118060/CRPT-119-GO00-Vote025-20250325.pdf,25,,Not voting,21,23,ok
2025-03-25,118060,markup,"Markup of the Full Committee to Consider the Following: 1) H.R. 1295, the Reorganizing Government Act of 2025; 2) H.R. 1210, the Protecting Taxpayers’ Wallet Ac",https://docs.house.gov/meetings/GO/GO00/20250325/118060/CRPT-119-GO00-Vote026-20250325.pdf,26,,Not voting,21,23,ok
2025-04-09,118135,markup,"Markup of the Full Committee to continue considering the following: 1) H.Res. 187, Of inquiry requesting the President to transmit certain information to the Ho",https://docs.house.gov/meetings/GO/GO00/20250409/118135/CRPT-119-GO00-Vote001-20250409.pdf,1,,Aye,20,15,ok
2025-04-09,118135,markup,"Markup of the Full Committee to continue considering the following: 1) H.Res. 187, Of inquiry requesting the President to transmit certain information to the Ho",https://docs.house.gov/meetings/GO/GO00/20250409/118135/CRPT-119-GO00-Vote002-20250409.pdf,2,,Aye,20,15,ok
2025-04-09,118131,hearing,“Restoring Trust in FDA: Rooting Out Illicit Products”,,,,(no recorded votes at this event),,,
2025-04-30,118179,markup,Markup of the Full Committee to consider the following: consider the following: 1) Fiscal Year 2025 Budget Reconciliation Committee Print providing for reconcil,https://docs.house.gov/meetings/GO/GO00/20250430/118179/CRPT-119-GO00-Vote001-20250430.pdf,1,Lynch Amendment #1 to the ANS to the Committee Print,Not voting,20,23,ok
2025-04-30,118179,markup,Markup of the Full Committee to consider the following: consider the following: 1) Fiscal Year 2025 Budget Reconciliation Committee Print providing for reconcil,https://docs.house.gov/meetings/GO/GO00/20250430/118179/CRPT-119-GO00-Vote002-20250430.pdf,2,Perry Amendment to the ANS to the Committee Print,Not voting,16,27,ok
2025-04-30,118179,markup,Markup of the Full Committee to consider the following: consider the following: 1) Fiscal Year 2025 Budget Reconciliation Committee Print providing for reconcil,https://docs.house.gov/meetings/GO/GO00/20250430/118179/CRPT-119-GO00-Vote003-20250430.pdf,3,Mfume Amendment #1 to the ANS to the Committee Print,Not voting,20,23,ok
2025-04-30,118179,markup,Markup of the Full Committee to consider the following: consider the following: 1) Fiscal Year 2025 Budget Reconciliation Committee Print providing for reconcil,https://docs.house.gov/meetings/GO/GO00/20250430/118179/CRPT-119-GO00-Vote004-20250430.pdf,4,Mfume Amendment #2 to the ANS to the Committee Print,Not voting,20,23,ok
2025-04-30,118179,markup,Markup of the Full Committee to consider the following: consider the following: 1) Fiscal Year 2025 Budget Reconciliation Committee Print providing for reconcil,https://docs.house.gov/meetings/GO/GO00/20250430/118179/CRPT-119-GO00-Vote005-20250430.pdf,5,Lynch Amendment #2 to the ANS to the Committee Print,Not voting,20,23,ok
2025-04-30,118179,markup,Markup of the Full Committee to consider the following: consider the following: 1) Fiscal Year 2025 Budget Reconciliation Committee Print providing for reconcil,https://docs.house.gov/meetings/GO/GO00/20250430/118179/CRPT-119-GO00-Vote006-20250430.pdf,6,Stansbury Amendment #1 to the ANS to the Committee Print,Not voting,20,23,ok
2025-04-30,118179,markup,Markup of the Full Committee to consider the following: consider the following: 1) Fiscal Year 2025 Budget Reconciliation Committee Print providing for reconcil,https://docs.house.gov/meetings/GO/GO00/20250430/118179/CRPT-119-GO00-Vote007-20250430.pdf,7,Stansbury Amendment #2 to the ANS to the Committee Print,Not voting,20,23,ok
2025-04-30,118179,markup,Markup of the Full Committee to consider the following: consider the following: 1) Fiscal Year 2025 Budget Reconciliation Committee Print providing for reconcil,https://docs.house.gov/meetings/GO/GO00/20250430/118179/CRPT-119-GO00-Vote008-20250430.pdf,8,Frost Amendment to the ANS to the Committee Print,Not voting,20,23,ok
2025-04-30,118179,markup,Markup of the Full Committee to consider the following: consider the following: 1) Fiscal Year 2025 Budget Reconciliation Committee Print providing for reconcil,https://docs.house.gov/meetings/GO/GO00/20250430/118179/CRPT-119-GO00-Vote009-20250430.pdf,9,Casar Amendment #3 to the ANS to the Committee Print,Not voting,20,23,ok
2025-04-30,118179,markup,Markup of the Full Committee to consider the following: consider the following: 1) Fiscal Year 2025 Budget Reconciliation Committee Print providing for reconcil,https://docs.house.gov/meetings/GO/GO00/20250430/118179/CRPT-119-GO00-Vote010-20250430.pdf,10,Casar Amendment #2 to the ANS to the Committee Print,Not voting,20,23,ok
2025-04-30,118179,markup,Markup of the Full Committee to consider the following: consider the following: 1) Fiscal Year 2025 Budget Reconciliation Committee Print providing for reconcil,https://docs.house.gov/meetings/GO/GO00/20250430/118179/CRPT-119-GO00-Vote011-20250430.pdf,11,Casar Amendment #4 to the ANS to the Committee Print,Not voting,20,23,ok
2025-04-30,118179,markup,Markup of the Full Committee to consider the following: consider the following: 1) Fiscal Year 2025 Budget Reconciliation Committee Print providing for reconcil,https://docs.house.gov/meetings/GO/GO00/20250430/118179/CRPT-119-GO00-Vote012-20250430.pdf,12,Lee Amendment #1 to the ANS to the Committee Print,Not voting,20,23,ok
2025-04-30,118179,markup,Markup of the Full Committee to consider the following: consider the following: 1) Fiscal Year 2025 Budget Reconciliation Committee Print providing for reconcil,https://docs.house.gov/meetings/GO/GO00/20250430/118179/CRPT-119-GO00-Vote013-20250430.pdf,13,Lee Amendment #2 to the ANS to the Committee Print,Not voting,20,23,ok
2025-04-30,118179,markup,Markup of the Full Committee to consider the following: consider the following: 1) Fiscal Year 2025 Budget Reconciliation Committee Print providing for reconcil,https://docs.house.gov/meetings/GO/GO00/20250430/118179/CRPT-119-GO00-Vote014-20250430.pdf,14,Lee Amendment #3 to the ANS to the Committee Print,Not voting,20,23,ok
2025-04-30,118179,markup,Markup of the Full Committee to consider the following: consider the following: 1) Fiscal Year 2025 Budget Reconciliation Committee Print providing for reconcil,https://docs.house.gov/meetings/GO/GO00/20250430/118179/CRPT-119-GO00-Vote015-20250430.pdf,15,Lee Amendment #4 to the ANS to the Committee Print,Not voting,20,23,ok
2025-04-30,118179,markup,Markup of the Full Committee to consider the following: consider the following: 1) Fiscal Year 2025 Budget Reconciliation Committee Print providing for reconcil,https://docs.house.gov/meetings/GO/GO00/20250430/118179/CRPT-119-GO00-Vote016-20250430.pdf,16,Garcia Amendment to the ANS to the Committee Print,Not voting,20,23,ok
2025-04-30,118179,markup,Markup of the Full Committee to consider the following: consider the following: 1) Fiscal Year 2025 Budget Reconciliation Committee Print providing for reconcil,https://docs.house.gov/meetings/GO/GO00/20250430/118179/CRPT-119-GO00-Vote017-20250430.pdf,17,Subramanyam Amendment to the ANS to the Committee Print,Not voting,20,23,ok
2025-04-30,118179,markup,Markup of the Full Committee to consider the following: consider the following: 1) Fiscal Year 2025 Budget Reconciliation Committee Print providing for reconcil,https://docs.house.gov/meetings/GO/GO00/20250430/118179/CRPT-119-GO00-Vote018-20250430.pdf,18,Randall Amendment #1 to the ANS to the Committee Print,Not voting,20,23,ok
2025-04-30,118179,markup,Markup of the Full Committee to consider the following: consider the following: 1) Fiscal Year 2025 Budget Reconciliation Committee Print providing for reconcil,https://docs.house.gov/meetings/GO/GO00/20250430/118179/CRPT-119-GO00-Vote019-20250430.pdf,19,Randall Amendment #2 to the ANS to the Committee Print,Not voting,20,23,ok
2025-04-30,118179,markup,Markup of the Full Committee to consider the following: consider the following: 1) Fiscal Year 2025 Budget Reconciliation Committee Print providing for reconcil,https://docs.house.gov/meetings/GO/GO00/20250430/118179/CRPT-119-GO00-Vote020-20250430.pdf,20,Randall Amendment #3 to the ANS to the Committee Print,Not voting,20,23,ok
2025-04-30,118179,markup,Markup of the Full Committee to consider the following: consider the following: 1) Fiscal Year 2025 Budget Reconciliation Committee Print providing for reconcil,https://docs.house.gov/meetings/GO/GO00/20250430/118179/CRPT-119-GO00-Vote021-20250430.pdf,21,Ansari Amendment to the ANS to the Committee Print,Not voting,20,23,ok
2025-04-30,118179,markup,Markup of the Full Committee to consider the following: consider the following: 1) Fiscal Year 2025 Budget Reconciliation Committee Print providing for reconcil,https://docs.house.gov/meetings/GO/GO00/20250430/118179/CRPT-119-GO00-Vote022-20250430.pdf,22,Simon Amendment to the ANS to the Committee Print,Not voting,20,23,ok
2025-04-30,118179,markup,Markup of the Full Committee to consider the following: consider the following: 1) Fiscal Year 2025 Budget Reconciliation Committee Print providing for reconcil,https://docs.house.gov/meetings/GO/GO00/20250430/118179/CRPT-119-GO00-Vote023-20250430.pdf,23,Bell Amendment to the ANS to the Committee Print,Not voting,20,23,ok
2025-04-30,118179,markup,Markup of the Full Committee to consider the following: consider the following: 1) Fiscal Year 2025 Budget Reconciliation Committee Print providing for reconcil,https://docs.house.gov/meetings/GO/GO00/20250430/118179/CRPT-119-GO00-Vote024-20250430.pdf,24,Pressley Amendment #1 to the ANS to the Committee Print,Not voting,20,23,ok
2025-04-30,118179,markup,Markup of the Full Committee to consider the following: consider the following: 1) Fiscal Year 2025 Budget Reconciliation Committee Print providing for reconcil,https://docs.house.gov/meetings/GO/GO00/20250430/118179/CRPT-119-GO00-Vote025-20250430.pdf,25,Pressley Amendment #2 to the ANS to the Committee Print,Not voting,20,23,ok
2025-04-30,118179,markup,Markup of the Full Committee to consider the following: consider the following: 1) Fiscal Year 2025 Budget Reconciliation Committee Print providing for reconcil,https://docs.house.gov/meetings/GO/GO00/20250430/118179/CRPT-119-GO00-Vote026-20250430.pdf,26,Lynch Amendment #3 to the ANS to the Committee Print,Not voting,20,23,ok
2025-04-30,118179,markup,Markup of the Full Committee to consider the following: consider the following: 1) Fiscal Year 2025 Budget Reconciliation Committee Print providing for reconcil,https://docs.house.gov/meetings/GO/GO00/20250430/118179/CRPT-119-GO00-Vote027-20250430.pdf,27,Transmitting Reconciliation Committee Print to the House Budget Committee,Not voting,22,21,ok
2025-04-30,118179,markup,Markup of the Full Committee to consider the following: consider the following: 1) Fiscal Year 2025 Budget Reconciliation Committee Print providing for reconcil,https://docs.house.gov/meetings/GO/GO00/20250430/118179/CRPT-119-GO00-Vote028-20250430.pdf,28,Favorably Reporting Postal Naming En Block Package,Not voting,23,15,ok
2025-05-21,118296,markup,"Markup of the Full Committee to consider the following: 1) H.R. 580, the Unfunded Mandates Accountability and Transparency Act (UMATA); 2) H.R. 2409, the Guidan",https://docs.house.gov/meetings/GO/GO00/20250521/118296/CRPT-119-GO00-Vote001-20250521.pdf,1,"Final Passage – H.R. 3490, the Gerald E. Connolly Esophageal Cancer Awareness Act",Aye,42,0,ok
2025-05-21,118296,markup,"Markup of the Full Committee to consider the following: 1) H.R. 580, the Unfunded Mandates Accountability and Transparency Act (UMATA); 2) H.R. 2409, the Guidan",https://docs.house.gov/meetings/GO/GO00/20250521/118296/CRPT-119-GO00-Vote002-20250521.pdf,2,"Final Passage – H.R. 2409, the Guidance Clarity Act",Aye,23,19,ok
2025-05-21,118296,markup,"Markup of the Full Committee to consider the following: 1) H.R. 580, the Unfunded Mandates Accountability and Transparency Act (UMATA); 2) H.R. 2409, the Guidan",https://docs.house.gov/meetings/GO/GO00/20250521/118296/CRPT-119-GO00-Vote003-20250521.pdf,3,"Final Passage – H.R. 67, the Modernizing Retrospective Regulatory Review Act",Aye,24,18,ok
2025-05-21,118296,markup,"Markup of the Full Committee to consider the following: 1) H.R. 580, the Unfunded Mandates Accountability and Transparency Act (UMATA); 2) H.R. 2409, the Guidan",https://docs.house.gov/meetings/GO/GO00/20250521/118296/CRPT-119-GO00-Vote004-20250521.pdf,4,"Final Passage – H.R. 689, the Full Responsibility and Expedited Enforcement (FREE) Act",Aye,23,19,ok
2025-05-21,118296,markup,"Markup of the Full Committee to consider the following: 1) H.R. 580, the Unfunded Mandates Accountability and Transparency Act (UMATA); 2) H.R. 2409, the Guidan",https://docs.house.gov/meetings/GO/GO00/20250521/118296/CRPT-119-GO00-Vote005-20250521.pdf,5,"Final Passage – H.R. 884, To prohibit individuals who are not citizens of the United States from voting in elections in the District of Columbia and to repeal the Local Resident Voting Rights Amendment Act of 2022",Aye,25,17,ok
2025-05-21,118296,markup,"Markup of the Full Committee to consider the following: 1) H.R. 580, the Unfunded Mandates Accountability and Transparency Act (UMATA); 2) H.R. 2409, the Guidan",https://docs.house.gov/meetings/GO/GO00/20250521/118296/CRPT-119-GO00-Vote006-20250521.pdf,6,"Final Passage – H.R. 2096, the Protecting Our Nation’s Capital Emergency Act",Aye,23,18,ok
2025-05-21,118296,markup,"Markup of the Full Committee to consider the following: 1) H.R. 580, the Unfunded Mandates Accountability and Transparency Act (UMATA); 2) H.R. 2409, the Guidan",https://docs.house.gov/meetings/GO/GO00/20250521/118296/CRPT-119-GO00-Vote007-20250521.pdf,7,"Final Passage – H.R. 580, the Unfunded Mandates Accountability and Transparency Act",Aye,23,19,ok
2025-05-21,118296,markup,"Markup of the Full Committee to consider the following: 1) H.R. 580, the Unfunded Mandates Accountability and Transparency Act (UMATA); 2) H.R. 2409, the Guidan",https://docs.house.gov/meetings/GO/GO00/20250521/118296/CRPT-119-GO00-Vote008-20250521.pdf,8,"Final Passage – H.R. 672, To establish new ZIP Codes for certain communities and for other purposes",Aye,42,1,ok
2025-05-21,118296,markup,"Markup of the Full Committee to consider the following: 1) H.R. 580, the Unfunded Mandates Accountability and Transparency Act (UMATA); 2) H.R. 2409, the Guidan",https://docs.house.gov/meetings/GO/GO00/20250521/118296/CRPT-119-GO00-Vote009-20250521.pdf,9,"Final Passage – H.R. 3095, To direct the United States Postal Service to designate single, unique ZIP Codes for certain communities and for other purposes",Aye,22,20,ok
2025-06-05,118339,hearing,“The Federal Government in the Age of Artificial Intelligence”,https://docs.house.gov/meetings/GO/GO00/20250605/118339/CRPT-119-GO00-Vote001-20250605.pdf,1,Motion to Table the Motion to Subpoena Elon Musk,Not voting,21,19,ok
2025-06-10,118362,hearing,“Securing Americans’ Genetic Information: Privacy and National Security Concerns Surrounding 23andMe’s Bankruptcy Sale”,,,,(no recorded votes at this event),,,
2025-06-12,118379,hearing,“A Hearing with Sanctuary State Governors”,,,,(no recorded votes at this event),,,
2025-09-10,118594,markup,"Markup of the Full Committee to consider the following: 1) H.R. 5183, the District of Columbia Home Rule Improvement Act; 2) H.R. 2693, the District of Columbia",https://docs.house.gov/meetings/GO/GO00/20250910/118594/CRPT-119-GO00-Vote001-20250910.pdf,1,"Final Passage – H.R. 5183, District of Columbia Home Rule Improvement Act",Aye,22,18,ok
2025-09-10,118594,markup,"Markup of the Full Committee to consider the following: 1) H.R. 5183, the District of Columbia Home Rule Improvement Act; 2) H.R. 2693, the District of Columbia",https://docs.house.gov/meetings/GO/GO00/20250910/118594/CRPT-119-GO00-Vote002-20250910.pdf,2,"Final Passage – H.R. 2693, District of Columbia Electronic Transmittal of Legislation Act",Aye,40,0,ok
2025-09-10,118594,markup,"Markup of the Full Committee to consider the following: 1) H.R. 5183, the District of Columbia Home Rule Improvement Act; 2) H.R. 2693, the District of Columbia",https://docs.house.gov/meetings/GO/GO00/20250910/118594/CRPT-119-GO00-Vote003-20250910.pdf,3,Bell Amendment to the ANS to H.R. 5103,No,19,24,ok
2025-09-10,118594,markup,"Markup of the Full Committee to consider the following: 1) H.R. 5183, the District of Columbia Home Rule Improvement Act; 2) H.R. 2693, the District of Columbia",https://docs.house.gov/meetings/GO/GO00/20250910/118594/CRPT-119-GO00-Vote004-20250910.pdf,4,Ansari Amendment to the ANS to H.R. 5103,No,19,25,ok
2025-09-10,118594,markup,"Markup of the Full Committee to consider the following: 1) H.R. 5183, the District of Columbia Home Rule Improvement Act; 2) H.R. 2693, the District of Columbia",https://docs.house.gov/meetings/GO/GO00/20250910/118594/CRPT-119-GO00-Vote005-20250910.pdf,5,"Final Passage – H.R. 5103, Make the District of Columbia Safe and Beautiful Act",Aye,25,19,ok
2025-09-10,118594,markup,"Markup of the Full Committee to consider the following: 1) H.R. 5183, the District of Columbia Home Rule Improvement Act; 2) H.R. 2693, the District of Columbia",https://docs.house.gov/meetings/GO/GO00/20250910/118594/CRPT-119-GO00-Vote006-20250910.pdf,6,"Final Passage – H.R. 5214, District of Columbia Cash Bail Reform Act",Aye,26,19,ok
2025-09-10,118594,markup,"Markup of the Full Committee to consider the following: 1) H.R. 5183, the District of Columbia Home Rule Improvement Act; 2) H.R. 2693, the District of Columbia",https://docs.house.gov/meetings/GO/GO00/20250910/118594/CRPT-119-GO00-Vote007-20250910.pdf,7,"Final Passage – H.R. 5172, Strong Sentences for Safer D.C. Streets Act",Aye,26,19,ok
2025-09-10,118594,markup,"Markup of the Full Committee to consider the following: 1) H.R. 5183, the District of Columbia Home Rule Improvement Act; 2) H.R. 2693, the District of Columbia",https://docs.house.gov/meetings/GO/GO00/20250910/118594/CRPT-119-GO00-Vote008-20250910.pdf,8,"Final Passage – H.R. 5163, Clean and Managed Public Spaces Act",Aye,25,20,ok
2025-09-10,118594,markup,"Markup of the Full Committee to consider the following: 1) H.R. 5183, the District of Columbia Home Rule Improvement Act; 2) H.R. 2693, the District of Columbia",https://docs.house.gov/meetings/GO/GO00/20250910/118594/CRPT-119-GO00-Vote009-20250910.pdf,9,"Final Passage – H.R. 4922, DC Criminal Reforms to Immediately Make Everyone Safe (CRIMES) Act",Aye,26,19,ok
2025-09-10,118594,markup,"Markup of the Full Committee to consider the following: 1) H.R. 5183, the District of Columbia Home Rule Improvement Act; 2) H.R. 2693, the District of Columbia",https://docs.house.gov/meetings/GO/GO00/20250910/118594/CRPT-119-GO00-Vote010-20250910.pdf,10,"Final Passage – H.R. 5140, District of Columbia Juvenile Sentencing Reform Act",Aye,26,19,ok
2025-09-10,118594,markup,"Markup of the Full Committee to consider the following: 1) H.R. 5183, the District of Columbia Home Rule Improvement Act; 2) H.R. 2693, the District of Columbia",https://docs.house.gov/meetings/GO/GO00/20250910/118594/CRPT-119-GO00-Vote011-20250910.pdf,11,Frost Amendment #1 to the ANS to H.R. 5181,No,20,25,ok
2025-09-10,118594,markup,"Markup of the Full Committee to consider the following: 1) H.R. 5183, the District of Columbia Home Rule Improvement Act; 2) H.R. 2693, the District of Columbia",https://docs.house.gov/meetings/GO/GO00/20250910/118594/CRPT-119-GO00-Vote012-20250910.pdf,12,Frost Amendment #2 to the ANS to H.R. 5181,No,20,25,ok
2025-09-10,118594,markup,"Markup of the Full Committee to consider the following: 1) H.R. 5183, the District of Columbia Home Rule Improvement Act; 2) H.R. 2693, the District of Columbia",https://docs.house.gov/meetings/GO/GO00/20250910/118594/CRPT-119-GO00-Vote013-20250910.pdf,13,Frost Amendment #3 to the ANS to H.R. 5181,No,20,25,ok
2025-09-10,118594,markup,"Markup of the Full Committee to consider the following: 1) H.R. 5183, the District of Columbia Home Rule Improvement Act; 2) H.R. 2693, the District of Columbia",https://docs.house.gov/meetings/GO/GO00/20250910/118594/CRPT-119-GO00-Vote014-20250910.pdf,14,Simon Amendment #1 to the ANS to H.R. 5181,No,20,25,ok
2025-09-10,118594,markup,"Markup of the Full Committee to consider the following: 1) H.R. 5183, the District of Columbia Home Rule Improvement Act; 2) H.R. 2693, the District of Columbia",https://docs.house.gov/meetings/GO/GO00/20250910/118594/CRPT-119-GO00-Vote015-20250910.pdf,15,"Final Passage – H.R. 5181, SOAR Act Improvements Act",Aye,25,20,ok
2025-09-10,118594,markup,"Markup of the Full Committee to consider the following: 1) H.R. 5183, the District of Columbia Home Rule Improvement Act; 2) H.R. 2693, the District of Columbia",https://docs.house.gov/meetings/GO/GO00/20250910/118594/CRPT-119-GO00-Vote016-20250910.pdf,16,"Final Passage – H.R. 5107, Common-Sense Law Enforcement and Accountability Now in DC (CLEAN DC) Act",Aye,26,19,ok
2025-09-10,118594,markup,"Markup of the Full Committee to consider the following: 1) H.R. 5183, the District of Columbia Home Rule Improvement Act; 2) H.R. 2693, the District of Columbia",https://docs.house.gov/meetings/GO/GO00/20250910/118594/CRPT-119-GO00-Vote017-20250910.pdf,17,"Final Passage – H.R. 5143, District of Columbia Policing Protection Act",Aye,25,20,ok
2025-09-10,118594,markup,"Markup of the Full Committee to consider the following: 1) H.R. 5183, the District of Columbia Home Rule Improvement Act; 2) H.R. 2693, the District of Columbia",https://docs.house.gov/meetings/GO/GO00/20250910/118594/CRPT-119-GO00-Vote018-20250910.pdf,18,"Final Passage – H.R. 5179, District of Columbia Attorney General Appointment Reform Act",Aye,25,20,ok
2025-09-10,118594,markup,"Markup of the Full Committee to consider the following: 1) H.R. 5183, the District of Columbia Home Rule Improvement Act; 2) H.R. 2693, the District of Columbia",https://docs.house.gov/meetings/GO/GO00/20250910/118594/CRPT-119-GO00-Vote019-20250910.pdf,19,"Final Passage – H.R. 5125, District of Columbia Judicial Nominations Reform Act",Aye,25,20,ok
2025-09-10,118594,markup,"Markup of the Full Committee to consider the following: 1) H.R. 5183, the District of Columbia Home Rule Improvement Act; 2) H.R. 2693, the District of Columbia",https://docs.house.gov/meetings/GO/GO00/20250910/118594/CRPT-119-GO00-Vote020-20250910.pdf,20,Perry Amendment #1 to H.R. 5242,Aye,25,20,ok
2025-09-10,118594,markup,"Markup of the Full Committee to consider the following: 1) H.R. 5183, the District of Columbia Home Rule Improvement Act; 2) H.R. 2693, the District of Columbia",https://docs.house.gov/meetings/GO/GO00/20250910/118594/CRPT-119-GO00-Vote021-20250910.pdf,21,Perry Amendment #2 to H.R. 5242,Aye,25,20,ok
2025-09-10,118594,markup,"Markup of the Full Committee to consider the following: 1) H.R. 5183, the District of Columbia Home Rule Improvement Act; 2) H.R. 2693, the District of Columbia",https://docs.house.gov/meetings/GO/GO00/20250910/118594/CRPT-119-GO00-Vote022-20250910.pdf,22,"Final Passage – H.R. 5242, Repeal Second Chance Amd Act of 2022 and Incarceration Reduction Amd Act of 2016",Aye,24,20,ok
2025-09-18,118631,hearing,“Oversight of the District of Columbia”,https://docs.house.gov/meetings/GO/GO00/20250918/118631/CRPT-119-GO00-Vote001-20250918.pdf,1,Motion to Table Khanna Motion to Subpoena Brendan Carr,Aye,24,21,ok
2025-12-02,118712,markup,"Markup of the Full Committee to consider the following: 1) H.R. 151, the Equal Representation Act; 2) H.R. 5750, the Ensuring a Qualified Civil Service Act of 2",https://docs.house.gov/meetings/GO/GO00/20251202/118712/CRPT-119-GO00-Vote001-20251202.pdf,1,"Final Passage – H.R. 151, the Equal Representation Act",Aye,20,19,ok
2025-12-02,118712,markup,"Markup of the Full Committee to consider the following: 1) H.R. 151, the Equal Representation Act; 2) H.R. 5750, the Ensuring a Qualified Civil Service Act of 2",https://docs.house.gov/meetings/GO/GO00/20251202/118712/CRPT-119-GO00-Vote002-20251202.pdf,2,Lynch Amendment to the ANS to H.R. 5750,No,19,23,ok
2025-12-02,118712,markup,"Markup of the Full Committee to consider the following: 1) H.R. 151, the Equal Representation Act; 2) H.R. 5750, the Ensuring a Qualified Civil Service Act of 2",https://docs.house.gov/meetings/GO/GO00/20251202/118712/CRPT-119-GO00-Vote003-20251202.pdf,3,"Final Passage - H.R. 5750, the Ensuring a Qualified Civil Service Act of 2025",Aye,24,19,ok
2025-12-02,118712,markup,"Markup of the Full Committee to consider the following: 1) H.R. 151, the Equal Representation Act; 2) H.R. 5750, the Ensuring a Qualified Civil Service Act of 2",https://docs.house.gov/meetings/GO/GO00/20251202/118712/CRPT-119-GO00-Vote004-20251202.pdf,4,"Final Passage - H.R. 5749, the Official Time Reporting Act",Aye,24,19,ok
2025-12-02,118712,markup,"Markup of the Full Committee to consider the following: 1) H.R. 151, the Equal Representation Act; 2) H.R. 5750, the Ensuring a Qualified Civil Service Act of 2",https://docs.house.gov/meetings/GO/GO00/20251202/118712/CRPT-119-GO00-Vote005-20251202.pdf,5,"Final Passage - H.R. 6329, the Information Quality Assurance Act of 2025",Aye,43,0,ok
2025-12-02,118712,markup,"Markup of the Full Committee to consider the following: 1) H.R. 151, the Equal Representation Act; 2) H.R. 5750, the Ensuring a Qualified Civil Service Act of 2",https://docs.house.gov/meetings/GO/GO00/20251202/118712/CRPT-119-GO00-Vote006-20251202.pdf,6,"Final Passage – H.R. 3766, to prohibit the District of Columbia from requiring tribunals in court or administrative proceedings in the District of Columbia to defer to the Mayor of the District of Columbia's interpretation of statutes and regulations, and for other purposes.",Aye,24,19,ok
2025-12-02,118712,markup,"Markup of the Full Committee to consider the following: 1) H.R. 151, the Equal Representation Act; 2) H.R. 5750, the Ensuring a Qualified Civil Service Act of 2",https://docs.house.gov/meetings/GO/GO00/20251202/118712/CRPT-119-GO00-Vote007-20251202.pdf,7,"Final Passage - H.R. 5810, the Federal Supervisor Education Act of 2025",Aye,43,0,ok
2025-12-02,118712,markup,"Markup of the Full Committee to consider the following: 1) H.R. 151, the Equal Representation Act; 2) H.R. 5750, the Ensuring a Qualified Civil Service Act of 2",https://docs.house.gov/meetings/GO/GO00/20251202/118712/CRPT-119-GO00-Vote008-20251202.pdf,8,"Final Passage - H.R. 6330, the Federal Relocation Payment Improvement Act",Aye,37,6,ok
2025-12-02,118712,markup,"Markup of the Full Committee to consider the following: 1) H.R. 151, the Equal Representation Act; 2) H.R. 5750, the Ensuring a Qualified Civil Service Act of 2",https://docs.house.gov/meetings/GO/GO00/20251202/118712/CRPT-119-GO00-Vote009-20251202.pdf,9,"Final Passage - H.R. 5457, the Strengthening Agency Management and Oversight of Software Assets Act",Aye,43,0,ok
2025-12-02,118712,markup,"Markup of the Full Committee to consider the following: 1) H.R. 151, the Equal Representation Act; 2) H.R. 5750, the Ensuring a Qualified Civil Service Act of 2",https://docs.house.gov/meetings/GO/GO00/20251202/118712/CRPT-119-GO00-Vote010-20251202.pdf,10,"Final Passage - H.R. 5235, the Skills-Based Federal Contracting Act",Aye,44,0,ok
2025-12-02,118712,markup,"Markup of the Full Committee to consider the following: 1) H.R. 151, the Equal Representation Act; 2) H.R. 5750, the Ensuring a Qualified Civil Service Act of 2",https://docs.house.gov/meetings/GO/GO00/20251202/118712/CRPT-119-GO00-Vote011-20251202.pdf,11,"Final Passage - H.R. 143, the Unauthorized Spending Accountability Act",Aye,25,19,ok
2025-12-02,118712,markup,"Markup of the Full Committee to consider the following: 1) H.R. 151, the Equal Representation Act; 2) H.R. 5750, the Ensuring a Qualified Civil Service Act of 2",https://docs.house.gov/meetings/GO/GO00/20251202/118712/CRPT-119-GO00-Vote012-20251202.pdf,12,"Final Passage - H.R. 5578, the Expanding Whistleblower Protections for Contactors Act of 2025",Aye,44,0,ok
2025-12-02,118712,markup,"Markup of the Full Committee to consider the following: 1) H.R. 151, the Equal Representation Act; 2) H.R. 5750, the Ensuring a Qualified Civil Service Act of 2",https://docs.house.gov/meetings/GO/GO00/20251202/118712/CRPT-119-GO00-Vote013-20251202.pdf,13,Postal Naming En Bloc,Aye,38,2,ok
2025-12-17,118770,hearing,Full Committee Member Day,,,,(no recorded votes at this event),,,
2026-01-07,118796,hearing,“Oversight of Fraud and Misuse of Federal Funds in Minnesota: Part I”,https://docs.house.gov/meetings/GO/GO00/20260107/118796/CRPT-119-GO00-Vote001-20260107.pdf,1,Gosar Motion to Table Pressley Motion #1 to Subpoena DHS,Not voting,19,21,ok
2026-01-07,118796,hearing,“Oversight of Fraud and Misuse of Federal Funds in Minnesota: Part I”,https://docs.house.gov/meetings/GO/GO00/20260107/118796/CRPT-119-GO00-Vote002-20260107.pdf,2,Pressley Motion #1 to Subpoena DHS,Not voting,20,20,ok
2026-01-21,118877,markup,"Markup of 1) H.Res. _____, Recommending that the House of Representatives find William J. Clinton in Contempt of Congress for refusal to comply with a subpoena ",https://docs.house.gov/meetings/GO/GO00/20260121/118877/CRPT-119-GO00-Vote001-20260121.pdf,1,Lee Amendment to the ANS to the William J. Clinton Contempt Report,No,19,24,ok
2026-01-21,118877,markup,"Markup of 1) H.Res. _____, Recommending that the House of Representatives find William J. Clinton in Contempt of Congress for refusal to comply with a subpoena ",https://docs.house.gov/meetings/GO/GO00/20260121/118877/CRPT-119-GO00-Vote002-20260121.pdf,2,Min Amendment to the ANS to the William J. Clinton Contempt Report,No,19,25,ok
2026-01-21,118877,markup,"Markup of 1) H.Res. _____, Recommending that the House of Representatives find William J. Clinton in Contempt of Congress for refusal to comply with a subpoena ",https://docs.house.gov/meetings/GO/GO00/20260121/118877/CRPT-119-GO00-Vote003-20260121.pdf,3,Favorably Reporting the William J. Clinton Contempt Report,Aye,34,8,ok
2026-01-21,118877,markup,"Markup of 1) H.Res. _____, Recommending that the House of Representatives find William J. Clinton in Contempt of Congress for refusal to comply with a subpoena ",https://docs.house.gov/meetings/GO/GO00/20260121/118877/CRPT-119-GO00-Vote004-20260121.pdf,4,Favorably Reporting the Hillary R. Clinton Contempt Report,Aye,28,15,ok
2026-02-04,118936,markup,"Markup of the Full Committee to consider the following: 1) H.R. 7274, Federal Acquisition Security Council Improvement Act of 2026; 2) H.R. 2985, Modernizing Go",https://docs.house.gov/meetings/GO/GO00/20260204/118936/CRPT-119-GO00-Vote001-20260204.pdf,1,"Final Passage – H.R. 7274, the Federal Acquisition Security Council Improvement Act of 2026",Aye,40,1,ok
2026-02-04,118936,markup,"Markup of the Full Committee to consider the following: 1) H.R. 7274, Federal Acquisition Security Council Improvement Act of 2026; 2) H.R. 2985, Modernizing Go",https://docs.house.gov/meetings/GO/GO00/20260204/118936/CRPT-119-GO00-Vote002-20260204.pdf,2,"Final Passage – H.R. 2985, the Modernizing Government Technology Reform Act",Aye,42,0,ok
2026-02-04,118936,markup,"Markup of the Full Committee to consider the following: 1) H.R. 7274, Federal Acquisition Security Council Improvement Act of 2026; 2) H.R. 2985, Modernizing Go",https://docs.house.gov/meetings/GO/GO00/20260204/118936/CRPT-119-GO00-Vote003-20260204.pdf,3,"Final Passage – H.R. 4123, the FIT Procurement Act",Aye,42,0,ok
2026-02-04,118936,markup,"Markup of the Full Committee to consider the following: 1) H.R. 7274, Federal Acquisition Security Council Improvement Act of 2026; 2) H.R. 2985, Modernizing Go",https://docs.house.gov/meetings/GO/GO00/20260204/118936/CRPT-119-GO00-Vote004-20260204.pdf,4,"Final Passage – H.R. 7256, the Federal Workforce Early Separation Incentives Act",Aye,43,0,ok
2026-02-04,118936,markup,"Markup of the Full Committee to consider the following: 1) H.R. 7274, Federal Acquisition Security Council Improvement Act of 2026; 2) H.R. 2985, Modernizing Go",https://docs.house.gov/meetings/GO/GO00/20260204/118936/CRPT-119-GO00-Vote005-20260204.pdf,5,"Final Passage – H.R. 7283, the Ensuring Federal Purchasing Efficiency Act",Aye,44,0,ok
2026-02-04,118936,markup,"Markup of the Full Committee to consider the following: 1) H.R. 7274, Federal Acquisition Security Council Improvement Act of 2026; 2) H.R. 2985, Modernizing Go",https://docs.house.gov/meetings/GO/GO00/20260204/118936/CRPT-119-GO00-Vote006-20260204.pdf,6,"Final Passage – H.R. 1118, the Value Over Cost Act of 2025",Aye,44,0,ok
2026-02-04,118936,markup,"Markup of the Full Committee to consider the following: 1) H.R. 7274, Federal Acquisition Security Council Improvement Act of 2026; 2) H.R. 2985, Modernizing Go",https://docs.house.gov/meetings/GO/GO00/20260204/118936/CRPT-119-GO00-Vote007-20260204.pdf,7,"Final Passage – H.R. 5438, the Incentivize Savings Act",Aye,25,19,ok
2026-02-04,118936,markup,"Markup of the Full Committee to consider the following: 1) H.R. 7274, Federal Acquisition Security Council Improvement Act of 2026; 2) H.R. 2985, Modernizing Go",https://docs.house.gov/meetings/GO/GO00/20260204/118936/CRPT-119-GO00-Vote008-20260204.pdf,8,"Final Passage – H.R. 5000, the Cybersecurity Hiring Modernization Act",Aye,44,0,ok
2026-02-04,118936,markup,"Markup of the Full Committee to consider the following: 1) H.R. 7274, Federal Acquisition Security Council Improvement Act of 2026; 2) H.R. 2985, Modernizing Go",https://docs.house.gov/meetings/GO/GO00/20260204/118936/CRPT-119-GO00-Vote009-20260204.pdf,9,"Final Passage – H.R. 7265, the Vote by Mail Tracking Act",Aye,43,1,ok
2026-03-04,119003,hearing,“Oversight of Fraud and Misuse of Federal Funds in Minnesota: Part II”,https://docs.house.gov/meetings/GO/GO00/20260304/119003/CRPT-119-GO00-Vote001-20260304.pdf,1,Krishnamoorthi Motion to Subpoena Homeland Security Secretary Kristi Noem,No,19,24,ok
2026-03-04,119003,hearing,“Oversight of Fraud and Misuse of Federal Funds in Minnesota: Part II”,https://docs.house.gov/meetings/GO/GO00/20260304/119003/CRPT-119-GO00-Vote002-20260304.pdf,2,Mace Motion to Subpoena Attorney General Pamela Bondi,No,24,19,ok
2026-03-04,119003,hearing,“Oversight of Fraud and Misuse of Federal Funds in Minnesota: Part II”,https://docs.house.gov/meetings/GO/GO00/20260304/119003/CRPT-119-GO00-Vote003-20260304.pdf,3,"Bell Motion to Subpoena Gregory Bovino, Commander-at-Large of the US Border Patrol",No,19,22,ok
2026-03-18,119082,markup,"Markup of the full Committee to consider the following: 1) H.R. 6916, Federal Program Integrity and Fraud Prevention Act of 2025; 2) H.R. 428, Bonuses for Cost-",https://docs.house.gov/meetings/GO/GO00/20260318/119082/CRPT-119-GO00-Vote001-20260318.pdf,1,"Final Passage – H.R. 2766, the Special District Fairness and Accessibility Act",Not voting,32,8,ok
2026-03-18,119082,markup,"Markup of the full Committee to consider the following: 1) H.R. 6916, Federal Program Integrity and Fraud Prevention Act of 2025; 2) H.R. 428, Bonuses for Cost-",https://docs.house.gov/meetings/GO/GO00/20260318/119082/CRPT-119-GO00-Vote002-20260318.pdf,2,"Final Passage – H.R. 6916, the Federal Program Integrity and Fraud Prevention Act of 2025",Not voting,38,2,ok
2026-03-18,119082,markup,"Markup of the full Committee to consider the following: 1) H.R. 6916, Federal Program Integrity and Fraud Prevention Act of 2025; 2) H.R. 428, Bonuses for Cost-",https://docs.house.gov/meetings/GO/GO00/20260318/119082/CRPT-119-GO00-Vote003-20260318.pdf,3,"Final Passage – H.R. 428, the Bonuses for Cost-Cutters Act of 2025",Not voting,40,0,ok
2026-03-18,119082,markup,"Markup of the full Committee to consider the following: 1) H.R. 6916, Federal Program Integrity and Fraud Prevention Act of 2025; 2) H.R. 428, Bonuses for Cost-",https://docs.house.gov/meetings/GO/GO00/20260318/119082/CRPT-119-GO00-Vote004-20260318.pdf,4,"Final Passage – H.R. 1722, the Billion Dollar Boondoggle Act of 2025",Not voting,39,0,ok
2026-03-18,119082,markup,"Markup of the full Committee to consider the following: 1) H.R. 6916, Federal Program Integrity and Fraud Prevention Act of 2025; 2) H.R. 428, Bonuses for Cost-",https://docs.house.gov/meetings/GO/GO00/20260318/119082/CRPT-119-GO00-Vote005-20260318.pdf,5,"Final Passage – H.R. 4642, the Fiscal Contingency Preparedness Act",Not voting,39,1,ok
2026-03-18,119082,markup,"Markup of the full Committee to consider the following: 1) H.R. 6916, Federal Program Integrity and Fraud Prevention Act of 2025; 2) H.R. 428, Bonuses for Cost-",https://docs.house.gov/meetings/GO/GO00/20260318/119082/CRPT-119-GO00-Vote006-20260318.pdf,6,"Final Passage – H.R. 2069, the Stop Secret Spending Act of 2025",Not voting,40,0,ok
2026-03-18,119082,markup,"Markup of the full Committee to consider the following: 1) H.R. 6916, Federal Program Integrity and Fraud Prevention Act of 2025; 2) H.R. 428, Bonuses for Cost-",https://docs.house.gov/meetings/GO/GO00/20260318/119082/CRPT-119-GO00-Vote007-20260318.pdf,7,"Final Passage – H.R. 7934, the Settlement Agreement Information Database Act of 2026",Not voting,40,0,ok
2026-03-18,119082,markup,"Markup of the full Committee to consider the following: 1) H.R. 6916, Federal Program Integrity and Fraud Prevention Act of 2025; 2) H.R. 428, Bonuses for Cost-",https://docs.house.gov/meetings/GO/GO00/20260318/119082/CRPT-119-GO00-Vote008-20260318.pdf,8,"Final Passage – H.R. 5525, the Stop DC Capital Authoritarian Motorvehicle Enforcement and Restoration of Autonomy (CAMERA) Act",Not voting,21,19,ok
2026-03-18,119082,markup,"Markup of the full Committee to consider the following: 1) H.R. 6916, Federal Program Integrity and Fraud Prevention Act of 2025; 2) H.R. 428, Bonuses for Cost-",https://docs.house.gov/meetings/GO/GO00/20260318/119082/CRPT-119-GO00-Vote009-20260318.pdf,9,"Final Passage – H.R. 6399, to direct the United States Postal Service to designate a single, unique ZIP Code for Highland City, Utah",Not voting,40,0,ok
2026-04-29,119248,markup,"Markup of the full Committee to consider the following: 1) H.R. 8463, Pre-Payment Fraud Prevention and Treasury Data Access Act; 2) H.R. 8464, Stopping Fraudule",https://docs.house.gov/meetings/GO/GO00/20260429/119248/CRPT-119-GO00-Vote001-20260429.pdf,1,"Final Passage - H.R. 8463, Pre-Payment Fraud Prevention and Treasury Data Access Act",Aye,35,1,ok
2026-04-29,119248,markup,"Markup of the full Committee to consider the following: 1) H.R. 8463, Pre-Payment Fraud Prevention and Treasury Data Access Act; 2) H.R. 8464, Stopping Fraudule",https://docs.house.gov/meetings/GO/GO00/20260429/119248/CRPT-119-GO00-Vote002-20260429.pdf,2,"Final Passage - H.R. 8464, Stopping Fraudulent Payments Act",Aye,23,17,ok
2026-04-29,119248,markup,"Markup of the full Committee to consider the following: 1) H.R. 8463, Pre-Payment Fraud Prevention and Treasury Data Access Act; 2) H.R. 8464, Stopping Fraudule",https://docs.house.gov/meetings/GO/GO00/20260429/119248/CRPT-119-GO00-Vote003-20260429.pdf,3,"Final Passage - H.R. 8312, Fraud Prevention and Accountability Act",Aye,23,17,ok
2026-04-29,119248,markup,"Markup of the full Committee to consider the following: 1) H.R. 8463, Pre-Payment Fraud Prevention and Treasury Data Access Act; 2) H.R. 8464, Stopping Fraudule",https://docs.house.gov/meetings/GO/GO00/20260429/119248/CRPT-119-GO00-Vote004-20260429.pdf,4,"Final Passage - H.R. 8428, Federal Fraud Prevention Workforce Training Act",Aye,40,0,ok
2026-04-29,119248,markup,"Markup of the full Committee to consider the following: 1) H.R. 8463, Pre-Payment Fraud Prevention and Treasury Data Access Act; 2) H.R. 8464, Stopping Fraudule",https://docs.house.gov/meetings/GO/GO00/20260429/119248/CRPT-119-GO00-Vote005-20260429.pdf,5,"Final Passage - H.R. 8467, Zeroing Out Monetary Benefits Improperly Expended Act",Aye,40,0,ok
2026-04-29,119248,markup,"Markup of the full Committee to consider the following: 1) H.R. 8463, Pre-Payment Fraud Prevention and Treasury Data Access Act; 2) H.R. 8464, Stopping Fraudule",https://docs.house.gov/meetings/GO/GO00/20260429/119248/CRPT-119-GO00-Vote006-20260429.pdf,6,"Final Passage - H.R. 8466, Taxpayer Resources Used in Emergencies Accountability Act",Aye,40,0,ok
2026-04-29,119248,markup,"Markup of the full Committee to consider the following: 1) H.R. 8463, Pre-Payment Fraud Prevention and Treasury Data Access Act; 2) H.R. 8464, Stopping Fraudule",https://docs.house.gov/meetings/GO/GO00/20260429/119248/CRPT-119-GO00-Vote007-20260429.pdf,7,"Final Passage - H.R. 8340, Taxpayer Funds Oversight and Accountability Act",Aye,40,0,ok
2026-04-29,119248,markup,"Markup of the full Committee to consider the following: 1) H.R. 8463, Pre-Payment Fraud Prevention and Treasury Data Access Act; 2) H.R. 8464, Stopping Fraudule",https://docs.house.gov/meetings/GO/GO00/20260429/119248/CRPT-119-GO00-Vote008-20260429.pdf,8,"Final Passage - H.R. 1755, Timely and Accurate Benefits Act",Aye,40,0,ok
2026-04-29,119248,markup,"Markup of the full Committee to consider the following: 1) H.R. 8463, Pre-Payment Fraud Prevention and Treasury Data Access Act; 2) H.R. 8464, Stopping Fraudule",https://docs.house.gov/meetings/GO/GO00/20260429/119248/CRPT-119-GO00-Vote009-20260429.pdf,9,"Final Passage - H.R. 8107, Government Audit and Accountability of Federally Funded State- Administered Programs Act",Aye,41,0,ok
2026-05-20,119316,markup,"Markup of the full Committee to consider the following: 1) H.R. 8096, Duplication Scoring Act of 2026; 2) H.R. 8801, DC Rejecting Oppressive Automotive Driving ",https://docs.house.gov/meetings/GO/GO00/20260520/119316/CRPT-119-GO00-Vote001-20260520.pdf,1,"Final Passage – H.R. 8096, the Duplication Scoring Act of 2026",Not voting,39,1,ok
2026-05-20,119316,markup,"Markup of the full Committee to consider the following: 1) H.R. 8096, Duplication Scoring Act of 2026; 2) H.R. 8801, DC Rejecting Oppressive Automotive Driving ",https://docs.house.gov/meetings/GO/GO00/20260520/119316/CRPT-119-GO00-Vote002-20260520.pdf,2,"Final Passage – H.R. 8801, the DC Rejecting Oppressive Automotive Driving Surcharges (DC ROADS) Act",Not voting,22,18,ok
2026-05-20,119316,markup,"Markup of the full Committee to consider the following: 1) H.R. 8096, Duplication Scoring Act of 2026; 2) H.R. 8801, DC Rejecting Oppressive Automotive Driving ",https://docs.house.gov/meetings/GO/GO00/20260520/119316/CRPT-119-GO00-Vote003-20260520.pdf,3,"Final Passage – H.R. 8844, the U.S. Customs and Border Protection Officer Retirement Technical Corrections Act",Not voting,40,0,ok
2026-05-20,119316,markup,"Markup of the full Committee to consider the following: 1) H.R. 8096, Duplication Scoring Act of 2026; 2) H.R. 8801, DC Rejecting Oppressive Automotive Driving ",https://docs.house.gov/meetings/GO/GO00/20260520/119316/CRPT-119-GO00-Vote004-20260520.pdf,4,"Final Passage – H.R. 3087, the Civil Rights Cold Case Records Collection Reauthorization Act",Not voting,36,4,ok
2026-05-20,119316,markup,"Markup of the full Committee to consider the following: 1) H.R. 8096, Duplication Scoring Act of 2026; 2) H.R. 8801, DC Rejecting Oppressive Automotive Driving ",https://docs.house.gov/meetings/GO/GO00/20260520/119316/CRPT-119-GO00-Vote005-20260520.pdf,5,"Final Passage – H.R. 8669, the “Eliot L. Engel Post Office” designation bill",Aye,37,4,ok
2026-05-20,119316,markup,"Markup of the full Committee to consider the following: 1) H.R. 8096, Duplication Scoring Act of 2026; 2) H.R. 8801, DC Rejecting Oppressive Automotive Driving ",https://docs.house.gov/meetings/GO/GO00/20260520/119316/CRPT-119-GO00-Vote006-20260520.pdf,6,"Final Passage – H.R. 4662, the “Paul Ignatius Post Office” designation bill",Aye,41,0,ok
2026-07-22,119492,markup,"Markup of the Full Committee to consider the following: 1) H.R. 6610, Pharmacists Fight Back [in Federal Employee Health Benefit Plans Act]; 2) H.R. 9720, D.C. ",https://docs.house.gov/meetings/GO/GO00/20260722/119492/CRPT-119-GO00-Vote001-20260722.pdf,1,"Final Passage – H.R. 6610, the Pharmacists Fight Back [in FEHB Plans Act]",Aye,40,2,ok
2026-07-22,119492,markup,"Markup of the Full Committee to consider the following: 1) H.R. 6610, Pharmacists Fight Back [in Federal Employee Health Benefit Plans Act]; 2) H.R. 9720, D.C. ",https://docs.house.gov/meetings/GO/GO00/20260722/119492/CRPT-119-GO00-Vote002-20260722.pdf,2,"Final Passage – H.R. 9720, the D.C. Taxing Authority Review Act",Aye,23,18,ok
2026-07-22,119492,markup,"Markup of the Full Committee to consider the following: 1) H.R. 6610, Pharmacists Fight Back [in Federal Employee Health Benefit Plans Act]; 2) H.R. 9720, D.C. ",https://docs.house.gov/meetings/GO/GO00/20260722/119492/CRPT-119-GO00-Vote003-20260722.pdf,3,"Final Passage – H.R. 9725, the Restoring Integrity and Efficiency to Inspector General Oversight Act of 2025",Aye,23,20,ok
2026-07-22,119492,markup,"Markup of the Full Committee to consider the following: 1) H.R. 6610, Pharmacists Fight Back [in Federal Employee Health Benefit Plans Act]; 2) H.R. 9720, D.C. ",https://docs.house.gov/meetings/GO/GO00/20260722/119492/CRPT-119-GO00-Vote004-20260722.pdf,4,"Final Passage – H.R. 9643, the Comment Integrity and Management Act",Aye,24,19,ok
