lead_applicant,counties,award_usd,ny23_only
Care Compass Collaborative,Broome Chemung Chenango Cortland Delaware Otsego Schuyler Steuben Tioga Tompkins,"3,350,000.00",no
Cayuga Medical Center,Broome Chemung Chenango Cortland Delaware Otsego Schuyler Steuben Tioga Tompkins,"2,859,386.00",no
Chautauqua Health Network,Chautauqua,"1,838,750.00",yes
Guthrie Cortland Medical Center,Broome Chemung Chenango Cortland Delaware Otsego Schuyler Steuben Tioga Tompkins,"1,848,105.00",no
Jones Memorial Hospital,Allegany,"1,178,100.00",yes
Southern Tier Health Care System,Cattaraugus,"500,000.00",yes
St. James Hospital,Steuben,"1,178,100.00",yes
The Chautauqua Center,Chautauqua,"1,000,000.00",yes
Westfield Memorial Hospital,Chautauqua,"1,250,000.00",yes
